02053b1f3e2eddcd473a4884e64b90f8a4810c8b.mp3,QOTTZ1XA
0244a9e57c2e225a9b92ace1bac1066addd347cb.mp3,0228TXVH
028db89992922fd29b59653f4151eb9ba7daa345.mp3,6Z3LS5N7
029e8acce99bc226231ad1a4734fe2d3808a9653.mp3,JG43O8HF
02d8b49acf0091b66f2167ae25c1ccb824bf6edd.mp3,MXHN5GY9
02f23c352dac7c47ba5bfbd5cd87f3da4a631910.mp3,CZ45WIKK
030316d4972e91ea683a6a2cf2d7f0ba7ea61986.mp3,AVYEYP0C
0305638db5a1c8df66e51b2c4352078e7c69df66.mp3,V06A2BPC
031d36d4deb0351c5c293123e21764b099589260.mp3,Q431WXLQ
03237cfbfa8c0209dac375e844a54a51aa7b5412.mp3,TPO7N8WY
03e508841de96157462ea0d9d8e15d66baaf6389.mp3,2NN9YPSQ
047bf6c1b4d3efa48157934c27fa78f2d355091f.mp3,GRF4RK2I
04dd6823a065530e0cd5ebf515c28a6f1f8af120.mp3,T269VCOT
051c1cb7968a880ed587ad9dd85d49d108021a72.mp3,Z1LYGQN8
0538ba049db91322daa9742bc76e2ae44dd4150e.mp3,A5P0WLXG
0625e8621ea733ddeb341950fadf1dff40ea5cfd.mp3,54HOA52F
0640306769b9bbee92073635b8e8cf0f83bd474b.mp3,TQD18FR9
06535fe5973a4d5ea41bd5321f1ed00b52cd557f.mp3,TR62405N
067b99725d2ce29d93c2abff74842ed02bd59a0b.mp3,LP2II3YU
06842b6d0d2952a352de9a00b012de204c3615b9.mp3,5A0ZSBR8
06b37e5ea57a62224b65e74559103a24252715c2.mp3,62M10WVV
074d33565ce3fca8a17c834fc3f9dad772cdff08.mp3,VB0S9IPB
0875674d53156ce19bb84fb2fc1f1b4f00ac9ba0.mp3,RGN8N210
088ffcd1de27b4cdb6fb68e0aad8e45d70cb29c4.mp3,MCFHI9Y3
08b6f0185d706f590a14aef338f8c79932644ea4.mp3,M8B3Y8KF
0906ef73ffc30b2ea36fee20d68c7c58e87b8730.mp3,W5T8B7BF
092411001f4cd45bc7ea8064c2cd7281be91a765.mp3,BZHJCGOY
094acfc39f9377dba887bb57c871ba798775870c.mp3,85NTI1ZX
095004bdc6ec2506cfbbbb5d34771c8b2148041f.mp3,X2GSHYU1
0956416e74b275bb923ccebd365bafe2a71f756c.mp3,B8AUT2A7
09b0937f429fd94e81e8de48c3823a8a530a68b3.mp3,LJQ96WX9
0a37b926fac637bc3d2f0f667bb8265a725614ef.mp3,E42WCPY2
0abd52e38770843bbcd015ad5b155f51849c4a37.mp3,KQQTATBU
0ac174d19cee5fb74b94c9905fa676bc114caaff.mp3,2V5U0CHC
0b4e824d64a59a89cef8a7aa5d4ecb0259331fe2.mp3,I6N3UDDG
0cd3fc2bbb1f76eca7e197a7ce596172ec96a58a.mp3,OZ1PT2P2
0cf8181d5adb46d3b12cfba0d3d3ba1cc5d71817.mp3,VYTCLMPT
0d78fff231cc5f1dc7486c764d2e2a02d28e2949.mp3,PIPYOUB0
0d7b64792d941bc5e4b71617a8d5f844d766650c.mp3,YFNMXG10
0d918eefcf00211c9619a3261309de738daa217e.mp3,ZYBSL9B9
0dc97802819f6c1f82e39d42246edde4159d6b3b.mp3,J6Y5Y0LU
0dd36a0c41f6d4ab54e562c06c4841c0cdf6ef72.mp3,NPMTRX8A
0ec286cf5e815f68ad6060f89741d01ec068666e.mp3,KLWIGU8S
0f28c3dfe4f04437362b1d5d2847dc14ec563efa.mp3,IA8JSONU
0f3cc4d541e3354d43d604cabaf556a1d8b9f364.mp3,QQRZMBGM
11128a6de443675313f0e548677a20313e1fe665.mp3,R33YPBGW
111aae5d3284b3e31100c043c2e6a20b54ee1a4f.mp3,93CHOT72
114114d06cce54ea4a43a395cf8130809f4e2dd3.mp3,KEZFJFK4
117514a26ee5ef70bb8e28572aca8795f902593a.mp3,06L2OIJY
122db0a98ef137bbdfcb71083cc98c8b63452977.mp3,A0JCYCPN
12a227278f80b554b27279a856ba7b876cd521fd.mp3,XHT2HEKM
12d051c7f2e48de2db94566a27c2e6e139374ec7.mp3,I028LJ7X
13848c304220135590ae348335c5fb4e73553a5b.mp3,W5YQHPZ3
13da7176d6c15e825aba0843da4b1d4a0bb3098d.mp3,E570R5W8
144cca06c6e1a39d96391797dea250cc0dc0a9a5.mp3,WFFWCCQF
1489870ce73e9320f272c8c45935e9fdd48cfb52.mp3,K1KZ4C5J
1576659efcd65f486fe62ac70d2065696c01049b.mp3,RBOQCRR0
1580c7f88ae451252cd0867a06d16ec5d447e361.mp3,OWL6RQ4F
15a790ee205b4d9865a63c59c8ac68fda889929b.mp3,4EQGTY0R
1601a2186ba78fd6e6d7ce947bc4e0e99b7c351e.mp3,3J2I551C
1651e7b8471c938996a92e484554a44444f15a32.mp3,SHH0WSK2
165d073e04c43d35f7a0b6cb1756b5418d153cbb.mp3,TBDTYGS0
16fd27ae47186426f488d9911ccaf8c07325e0f1.mp3,KQPRE7Y7
170a4e816074e8d4887100a409e80c4343c72046.mp3,WDLGSC7R
177ed30dcc6c0e0c5af7ef2c66e321f9218a6b75.mp3,B5S8TTT6
177f0c84ca789540ce53a532eb1c2e797b2bd064.mp3,HI4B682R
178373ff2954fc6a9d96fc7c672db226def81514.mp3,Q46V8JUG
179174be88463317364e46838dbbf23f423a2be8.mp3,54GDR38B
18372f5b1d587ff0f24086cf2dba85126a1a6164.mp3,URAQW7VZ
190b5cedcffc87f7eba439c60188cf483a2de721.mp3,QI7XAI5E
193d2fe3b6215874dfba0cd1ca39e9fe32836294.mp3,P0LCO6VJ
1a66efcc2011f256803ea44cf9527055253e937d.mp3,ES6JZC0Y
1b4e069af205a0de055fa0d52c69112f73041018.mp3,4Q6XCVRJ
1b8bd627d737a521b01ccf2eee053eddc2f25180.mp3,MUPPGXPI
1b8f30ca41312e067b5cccc649e1c41239470d44.mp3,82H6C5Q5
1c02b633b25e39af1c7246fba4ef663f5d2c7e9b.mp3,81BVUUGA
1cb62b5eeab854e7612aede770f51f713e6d4dda.mp3,H4ALI2JN
1ceb17619728467ca01777efc99014e764c5d60a.mp3,DRLE1Y6C
1d081018c5eeaf16ae58eee103ab6de9fa482a0b.mp3,RIDVFFJ9
1d2b32ce2019a257d68848ac8dcb6c586c8e7d3d.mp3,65RVRY7W
1d35493d26b37ea3f8946d483949f0e9b58815aa.mp3,FX1ZJ9X0
1d542b5f66699e4d3f2e86c62b963a8d4b6d242d.mp3,4A1J9ZIB
1d6871f1a060236b4b4488afad9c97bd554f91e8.mp3,ZT1H435E
1da2df9a8e2f8ce3376a5d51b41d4465a9084ffb.mp3,UJ9AVN5N
1e6938c42e2c68ccb9d5b96a1c07a989623b5662.mp3,JT0B6J5J
1e85f0f8b31bdb61ef8b2479fab8b54bfcca461c.mp3,0HXKCRNU
20152d58574e7f3be51dcd6657060455f4ac8499.mp3,1P6HPNMK
2034b936dd7dd0d28c6835eff882894533273a10.mp3,WJ794NHT
20a00a3921053e20e7fe2305cd1df24b6c0624e4.mp3,35K8BNAV
20b80c66daf371196cbfbc9f1f191fd5334775f4.mp3,84CRAERR
20f92b1e9511c0f726104104884a2004bb9f8be3.mp3,W7Z81YEK
216bf3765070d0e8f4825ad0415547ad053afd8a.mp3,W2FQ1FIY
21cf6b6699c8f91eee963b4fce06a42827431b61.mp3,YTVPPDT1
22ad45901896f1d71e702686aac4593f8e6509a3.mp3,K15P51UC
22cf956f9fcd71e2f355a8666ca09b924f9dd908.mp3,HGY6TD3F
235c59f40664fc6a2f36b0fabf8fbb32f8bf9d14.mp3,3ZJ5EMQT
246c03b37641b961721b51b70d54c4bd284f18cf.mp3,3ALPYCXV
24b9233e13643a4b4dfc8bfa8d22c99a7aea4949.mp3,V4ILLJB6
24fc338bfb0c6f5c82060131486f6824e47f6a16.mp3,GKR1YMKN
25100eee110ac96463ec2a6978b475cd0cdc8b04.mp3,A048ZSE8
251f257c4de205e722e3bcd40c49322527bdeb3a.mp3,JX4ES6I6
257724340f0522e268c6e77fb88c7ec033a48a39.mp3,3HB3YCBN
25d39f2578c01af2ca2361d247863d67277aa583.mp3,M4QE0RCE
26db96670b8c38b8a71e56ae50534017b1299e95.mp3,P60CSIPK
2737514740d71f6cd48ad656a13d09c04fa08279.mp3,79FUCIVE
280eefa80bda1769220b9aa2d17dda3fdc28aabb.mp3,9JZ2OM5Z
2812b70848079719a8321b0f4ee3b9b9ad35c114.mp3,ZLVZE6I3
28144d88480e4a08d586bfd70bbed10383472906.mp3,ZFASW7SB
282bc74637c268febef8bd829552e74ffe8121b2.mp3,Q7NC6OOP
284255ecac1693a9f0db71fac306e128792220b7.mp3,HQQRCI3J
29b6fac0478bab7aaaecf5c19fa459d4c7a33f86.mp3,MR1YK00V
2a4667474be176d525e9626777b1ee8b94bca034.mp3,CDXJMYLI
2a6fe43ffedf62866114cb33bb97c542cd4d0582.mp3,E7B96PKC
2a8dae5676715a7ad9a68dd4669968d77414a793.mp3,GPQUQEY0
2b240e5425ec19707188c52a1a353848b21b72d0.mp3,8MRBH0JI
2c28e9fa806ae77c734c5a5213df2b927e1a1c81.mp3,V6WKUT53
2c983bdbc250706d2c3444513cd793ad133779b0.mp3,YLFT4BUT
2ca5f3a43da58dc242672aed57a34f844cc6a35c.mp3,GJPLDMLT
2d796a5210379b26b7e3026cc26de2423e5f08ad.mp3,2NB7PO8N
2daa97944e9dc0f9b9cd260c825ea443a656a44b.mp3,TYPSNQFB
2df965de0229af99622673e98ec9bd1adb9d2dd4.mp3,K1PC36RG
2e8cad21cf03454c3c218c9648d153c502c0ecdd.mp3,5UVFBFOX
2e8ee3c007632391592d696ae1deb37a83fbd9c2.mp3,1L9YGYTD
2e914024dc9468837201e14c4e98df1bf264ff10.mp3,OUZS4D56
2eca0c18dafb3bf12ad32cc01f1ec12d301bb3fa.mp3,LLZLY8P0
30018f03d5fdcca174a50b7b9988523107b016a4.mp3,HXS3QQZO
30267c76f89896331feaccb09c4afad6ac660449.mp3,FPCK5O0N
3056879cbdbf3d0b20c47a2499224d9c6b33c4e5.mp3,AA6ACJGJ
305f38a7642627c122fa35ddc694cd76ad2f4d6d.mp3,7SAK3GLC
30b00f543ba394aff8fac7ff86311e7585b732e7.mp3,2HGGGNUE
311555f33c091188cb877cd9f3e85c80d2450662.mp3,2OLF2ARD
319f4086dd965cb7dc9edf643d74d208ef9ac4aa.mp3,LI7UQ4SG
3289c843c3bb1b461cc4e3128971f054380adf4e.mp3,0L9CAWQ0
33bc702ca260405e62b537fde229c2889de6223f.mp3,TF4OERIP
349c2dbbdd71a035a06b5e0155621e52df1274a9.mp3,R2PGL6V0
34b9f1d77f8ea06af89503598d96348c57667905.mp3,R5631D9H
34f2bfa38c0e9cb5bf57b5c647bbad3ec90c3a72.mp3,7M00RETT
34f710e25a579ff0e893b42b37b41e429bd5e779.mp3,UUIVAV33
34fd6ebfe8c0dc0260cd2c1744d6726d2a785c56.mp3,BIHCYO5K
350e84b698be28a20f8f5208679e2fbe5ba7b1e2.mp3,DWTIGPUC
3552982116c55f523e9266bfb9803797c8bd7885.mp3,VSCTWY9M
3635aa6ab94d46a6ab6402ebf7012c48a3bb792e.mp3,XWH9KSG5
36cbeec7f3eca43d8d591747b3d360e62f211346.mp3,BY25581H
372607b884b5e7e3db03045384cba7372509db99.mp3,KP8D7PKA
381d65ef6db9a527b68ddf1249b72716c73fd349.mp3,7YW28XQB
3897d1c6fd5c18f561a600a2b2d566dc64ed84b9.mp3,1A47WTKI
389c26b635346ba589947da153620683dc22494a.mp3,WUDSI0EW
38c9b7906b28b8879020cbab7568b98921efa2da.mp3,3H2QFX4E
399c35c4c56c7b963340bf06f1d6ed5cc9285a4f.mp3,AU0XDL31
39b42f7913daff66f7fb160922332e0a9ad6d1fe.mp3,2MK6EY0V
39d848f391fcea22625a5f497b8553970408bf78.mp3,UUL7IVJU
39dd5ada2842d1a1151992a7339cdb154bb44150.mp3,GSOHH168
3a2bf857e2c136c557f27147c5b8b5cae2761c51.mp3,SJAP9EG5
3c880516957d64be87528025b7225ef5f5102685.mp3,0XJEUXCN
3dea05e77ca064a8c8d707bb27efb5724f9e3692.mp3,9Z4XE2UX
3e15dabbc16ed36d9a68f67a610ea607703205fa.mp3,8N1T6OSV
3e39d8d6209aa846406e8377ec417d8a238eae27.mp3,L57JIFQ2
3e4e80b67d36dc96f1cc608ef6e1292f11d022ed.mp3,NL88N9Z0
3e9aac54eef71edbffb1dd5746524f473332bc02.mp3,SZ8OO7ZT
3f3f74bae43ef863e7d425725b270d6fa03aff48.mp3,WNFD7NJA
3f999da2881b2a75c66b319fafd6847e4c43f6a2.mp3,H8FYI4RJ
3fae7c80d00ce8d9fa85a22493174213e43f9ff0.mp3,Y8YZHDV4
402f29fefcabb36892bdc76167b02ced2446b5df.mp3,8CX1QPU2
404c2f7435dd697c161c0aa2c53b1f9d01939010.mp3,SKREI57X
4076453c6fe70bef6d388c6d7e51cf2a0f1d6956.mp3,XFBRJ81J
40b1cc49edbc5998346858b8cbb36ccc33fc237f.mp3,HT9KDWP6
411c56056c8475e61187c4f136d03c5b93f75770.mp3,37PO8RP0
41ba48c5467ea6b294a1cdaddbbeb5d73e0d73e4.mp3,Y3F17DDS
424d4c44e87999bb78a00996078931a2fa48da50.mp3,TOH1SJZ8
435910e886fbae12787d0e19f802faa230227a29.mp3,M8T3U9PG
4441fe78aac82a207ebf51c3cf34cf1b4989dc20.mp3,04Y72DKJ
444e309427b3d1405d3b2947cd4dda5ec18e41bf.mp3,VKUNI03U
449c5c5535795a4fe6389bae4806a6f70e3f85c2.mp3,7OJ2JARU
449e6862813031f7715dc4762e52b5b5bccd9891.mp3,Q79VLXLD
45df1bc2d062655fa475795726939a29a9e18779.mp3,NIRWQ4N0
45fd437bd1cb43258b3539fa7179db87fbb7b218.mp3,GUKON3RB
46d5b3d75d4055b52fe95f03bc5d38c0e355b483.mp3,2XYR7DFC
46ee53694bad926c3c4ac1e968660832cb8805fc.mp3,1ANEGP05
474ebc8816c1bdbc6ac5ae2bed252ce3af6dd213.mp3,CL6ED5N6
4772326360b53098af323ad91440e2ed781915fe.mp3,VI4EF12Q
489c2db4185241ff4c719971980a0eb5a3166e97.mp3,0LLBJF78
48f2764f5eea7c5e5f1d895c72f75b368837671e.mp3,RC2MJKA1
48fd226e69cbfdb3239e233c4ec2c55b52396ac1.mp3,P38WRIKN
49271a84dee4714ed8c4effddd817a791a8bb040.mp3,4VKD5IHG
4982514a8bb9d96a8277fda09554edce5fdc9d4e.mp3,ZOFVJ389
499ac05510c1623026abc9dd0561283536ceaf41.mp3,2VLU99AH
49b32c639c868dac7ad80c9234b28997002964c3.mp3,529644BG
4a6e0f05a6e0bca96d2ba33680bb0361d9630e87.mp3,911TH1ZK
4ae022a30ad93e1a6b405190dceac7ffc049abce.mp3,VW6A0VLR
4ae8c717a6c026469db38fc5d495024805e1848f.mp3,BQDP9B8W
4af53b069dd9d4cdcc2e151424cc2d2000a3cd1e.mp3,HS6VQ2W8
4b56d3397086ff1e4852ac5dff893ee1080ebcab.mp3,JL49MMUD
4b8780e2c75b249273ac233bf7c8e47b6a45e1bc.mp3,582KK2BQ
4b8a42a7e2fe836d691417a522a06c13bff46ead.mp3,6B7TCZJS
4c0c59855238e3b8580ff9920d48d45b7a71dd2f.mp3,40J3G6SM
4c1fdead5ee6545ab9ebb17834175d661408fe83.mp3,ITRJ2589
4c8cb7bd24e269b293245e8298b68a2086befdbd.mp3,0Q8KV2RY
4d2ed930de74f0d2c41e5ee9bd111102973f45b0.mp3,GO5UE1HG
4d582ff637759822e4ee207f359640277081c421.mp3,9PVG0WFS
4da84b066503fde1de00e939f4c4448317acfe16.mp3,01343BUS
4df296d5883be5cc03489aeb52bebd1da57bfe5b.mp3,U9MQQZVL
4e2c0316728ae473d70e4d4d1729b603c811a589.mp3,XA3B2TJL
4e3677a4bba5c3f8ed74129d8a0654cb40d39c58.mp3,28JDP6RT
4e66dc31ce2c8c1e1475b8b2dcb92b95ededd564.mp3,Z8BYRTN1
4e66e089dd03aee56bb9cca835f88beed91350fc.mp3,SUW37BHN
4ea8a8b3bb2a054f49aa0792eedcf357b7e5073a.mp3,LUSNX6MV
4ed0be516741eba8adf5914cc86f910ef41641b6.mp3,GJAAWMM9
4f2ae2e3de4e309d4adca1058479f23cf7585cc0.mp3,GFYN27Z0
5025acdb35a56fb7eff3c55d9e3811aec6be54ff.mp3,NKMRNDFT
504ba12267826fde5da48e598c28d509ce589c03.mp3,1E1WW9YS
505905428a43faae81638cb98b95f397327f259a.mp3,FT2KYN2C
50ca8b9f2799857d514aaba8535fed0939a13441.mp3,842YSMPI
5136458da90d79bb5ce3ed5c1bb5eba4ec19098c.mp3,DBRY67C1
51798135ed4a9ca264c4c6531b8a89214e0029e9.mp3,ZFZVR4TK
51949e432a2a958a89bc4e71eb33a8d369ea951e.mp3,BLBY9AK5
5243453ed9b252dd6029689f96ec3153abca8b85.mp3,HUTPPDVS
527f5a67509448338696565f6b04f8a1f3223713.mp3,R58Z7V6O
52b142dbcbf9f0c574806ec708c7fe85ca5e5d7d.mp3,CTSJ8O4N
53cb5c4d31efe755e5657d1a2279047e640e6bfe.mp3,2KDIT7V4
5400a83e429be91d867b588297545eec3b1224f8.mp3,JDI7KRHU
5466be6e5ab6a6d4d396728816b8fc12a7c726d5.mp3,PUL7RBOB
54aacf330e4390664cc9cf0bca5d50fb68e661af.mp3,RPA8PISH
553b47169fe28af025c9d0bdff04bc93216de360.mp3,4SKIBBYP
554ef36e8547f36e0d42893723ccc4cbec390d4e.mp3,FRC5SC14
558b3d3172d3ec629eece50bd9a9b0bb1b9b9599.mp3,668CLBB5
558fccebf122cfd57681260343717c7abe623c00.mp3,HT42NJIW
5623285f59e8bae52272553fa0160d49ef229371.mp3,UGE1KKUB
5643233876892d49072f25ed69a7f8476fcdbc25.mp3,WGLD7HPG
56968e38cc002ac94720e78d52953d2d23a8593f.mp3,8Z48TNCH
575cd1c763de3a8c794931bf7f77faa62e654866.mp3,26ZI5YAI
576bdff3d808cfabece48ee2b1996f9c89bcb151.mp3,JVCYJP6U
57a72a432fc7a00806b717c158e4c0b115be475e.mp3,XKBU7GXG
588e8c839e25038dfab74efb5c85aaa3a478fd2b.mp3,TYQC8HQF
58b99adfd12f52f4df486a7f55f7079aa60b97b9.mp3,6UDGOALG
58eefbf81c1c5f3d17697f2344d408f7588d68cd.mp3,UTZ386AP
59046f562d4cf24965d182d88f438e9d24ae3b38.mp3,EVYXSAJ5
59a59dcc90afad4973d67b2eb65e988670b28820.mp3,67E87RSH
5a2893ccae333e670df3cad18ebb3dbdf1f16bb0.mp3,Z0FH0MZE
5a36cecb4cbe5ce6203b7fdeed9ff9c80651b039.mp3,UG81GK3K
5a3eb415032b07cbb896923cfa9f7842ef31a794.mp3,825411E0
5a4fdacf885c939a6376ddc736c5976890edf027.mp3,T8P7IUI4
5a7890d730c7724d78c1f95b06f85ca2d128fa56.mp3,KAYN3MNA
5a792dba3892bec83b799e1f9774df83cf090ed1.mp3,5L2I51JM
5b2105fdfd696921a7e27655f45f0cbcd2a7dcc1.mp3,DVBJGHX1
5b84e30596186de1a569545c7dbce20962afb929.mp3,8WIQDYQW
5c92e43566f3416920033576d97d22c704667db2.mp3,POY3V5YJ
5ca3da3276be937ea5604bbd9436ac5fb2146dda.mp3,FFAV9PP2
5cae093c88278e508f76ba386c84c038da70b83b.mp3,JXNV4690
5cf6b54e7f66a2ec8cc20fc8c191be390689bd03.mp3,4ILEBPKE
5d298ea9365a700b5bd7a89b4ff0e0040b62fbbe.mp3,5D52ENH5
5dacd4a7b1ea3644e4830efc002e9d8b9e0289fe.mp3,5G6MTCX8
5e018b817ccabd0c4a337d0aed4b3017c1133463.mp3,1Q7BS5PN
5e078c48e4e57ad772eb6b1b75de6ee847977aee.mp3,MMAU6C0P
5e1137332a539b70ce46cb42669e7924236e019f.mp3,LAJM2FE0
5e7658fa851be541ef7d55fba2ee71950e253823.mp3,IJ4WZBAC
5e911ceae47a7f41f8516ad9a2b1f0b16baf0be0.mp3,7OAJK4DV
5f2549f71f56b3687338b9c5d4eb35e798fe3cd2.mp3,5IHMNB8Y
5f41130fc8bdb7287b38e9f9d738e396c154f21f.mp3,58N4P35M
5f4fa200861e6ed63fc881272153660996538518.mp3,CXFNTKTJ
612091308404fc2785f3737bf545c858de693d5a.mp3,806XW8KX
619047fdca29524f042fe20e8d360ac2624f6342.mp3,GL7TMXLJ
62165b0a9b392c8f77b1d0c9a2169a8583c8ed8e.mp3,SMK6GKL0
6245a7e699eae1f902908fcfca2badb9e4725b50.mp3,PK62O5BJ
632c5f16b77c0c826898a1d3987984170fdcacee.mp3,DUGIK3Q6
638b01b825b4dc22a93dc5ed5560c791423854c7.mp3,BOY79NWI
64380b2b6d94707f273797dc8f0eb6c18682cdc2.mp3,LTKKFLUT
647e8b2f9884da46fdbc560ab484b3f982664ca6.mp3,YOFVRTSM
64990d4c258b8243c475cd3e2ef52700c22fbea2.mp3,2XQ0RO1F
64afd1966f8309acd013030427e135a45c5b5c75.mp3,82DV16WM
64eccf1ef6354e02e20fa55e63ade9bb1637e26c.mp3,MZQRDTZ3
657669f15d82f49e3f1b83885a59bd5bea5c0bf3.mp3,EJ54TEQ8
65aa3c406eeee4f7e2d0ff7ffb82ec39bb3745d3.mp3,ADN6QG1E
65d2b96a8ed42127f954f1eccd959cd68b28f063.mp3,GPZ8K57S
660993d6b12be8cfda212ceff8049eb2cfe5dd74.mp3,N55U12YU
6615143878e8e1c614b86cbcadb6e04ffd4471d3.mp3,BK5O4V0P
6654a275988ee917fe2b7f941b9b22a272d99a57.mp3,RH5TNV3U
666399c6303c23efd86f45b8072f51c671e5553f.mp3,68QQJ778
667f370b835b0c10adb33937b97ce172ef31b0d6.mp3,K5XWZIB3
671869341f0b87daadd12b956dd834571b73e17b.mp3,BYJL0LCK
673239cb9a0fb1d2b2dff648f9e23d7113b7099a.mp3,V2DKUGSJ
676665b66a9056e000d045ea85424ad433e72339.mp3,IBQEH7JY
67928703df24293c3dd37fbccc3864db21ba1fcb.mp3,9XEUQD2S
67ad2a9790daf4788deb6de3a253e1d3ba665c58.mp3,0O0ONNV0
67c618b70cfd938de02d351a2df80ec3f47d080f.mp3,8K766PLR
681523a86ce84830ce01396d9f45f0428c3d3921.mp3,1PTHRW7U
687f035387cc7d2efbc572edda578b95156fc006.mp3,NZVBP5ZQ
68ef09d3f1317bccc9b13efc9e62ab7e5a50320e.mp3,3HZRILA9
6907354452fa6bc19ded23612bc67480bdf242b6.mp3,M5QI9UL4
694190f8880a89c9776bc6905c8a9753a3c03e3b.mp3,Q251DWDK
6962a0f80debcc6826a1d76f831a15ccdcb91639.mp3,2MRFNXR5
69865bd1c05e2b131f387ea7ae609eafcd655ef6.mp3,79CJLGEB
69c6a86e35961092bb8bb6e2d2b52b8e42702d75.mp3,NEGFGTFB
69f9c13e4c19b6252e0851990055067a7840d45f.mp3,3F4PXQJD
69faecda3771b98d65d46c66c0672768a4556339.mp3,CT5X13XM
6a15c8396f185671499f69166593346ddbf3df7d.mp3,4ZP1RXUJ
6a8866783da7037de11478031e41cdb783907675.mp3,3887UVEU
6b36d265d83f816cf2093f946d5f58b6ec77606a.mp3,GMW9RBXS
6b70f3eb4c8e3252f6ad8516fc6ef3961444abf8.mp3,71ITQMNU
6e08379d42ffc59498dfa6044673938678ee318d.mp3,4Q3G6XFX
6e8d85bc357a7945e60c53e568c6f190459d447f.mp3,UJFGCG61
6f07183dc5977f82fefbabd22444c62301c4a525.mp3,VYYM5WGD
6f63c4dea75a0101823362c4ddea97db4d08b12a.mp3,LOT4IPU0
6f72d8d8b7c01f9b1aa782d2014f1edc2e6b1e44.mp3,AOAO7CJW
7083e41a33ed8e40ecc20a991c8ce84a003ad416.mp3,3WS9OIP1
7092977a184a6970414b241699e1438e609cf427.mp3,95992XR0
70d3f8179ad82e1b9ce921d00c121ccf4d55f473.mp3,S2OM3XUL
71332779900c5fb5d38c6f107c6e91248f4ed94a.mp3,3YQQ6M5U
7148d68c063f3b2fb348924f3bd6111bf7d596f4.mp3,JXHNECZW
7182ca71e046362a68e0d9adfe0511cb2604c963.mp3,3L338LO1
71cf6c40c9e3ae538b0405cbc14ff1f4ff82a0d8.mp3,61AQ5CNY
71dfb181c9df2826d3a3b78e9ff573bbdaab333c.mp3,P2790X5N
722086f056b453308f232b2082c5e30cb601a354.mp3,4JBVVTH5
72dff4d36ddec3b8e1ce85efe14ce2dc1d86f3fb.mp3,F06V6N1O
7316d59cc68e79797e95214a0c1b05efc336eea4.mp3,KSRQHBUC
73837c4086cb19efa4a7b4528bfe2eac0fa124a3.mp3,35M5IBD1
73a56eec58697a1a6f36dfc573d511b2905d2023.mp3,PIDCNB2W
7439ebb1f864cbcc3cf2683c0f89670b2a12b1b5.mp3,AWMEIHZX
753af1a6066fa13b8dd1fb73acd9b27f77932b6f.mp3,39PVXBEC
7609e324b7016d5e63f8df173fce16682fb79e2f.mp3,DIUA2ZEY
7624ebc4df8ad317ab233fabd4e2fea17401edd1.mp3,URGHOOP0
76d32a5992cd068824cecca41df09926eae48750.mp3,E32FRW40
770991f983a225141efc87d6d232aee5352180a1.mp3,X3HO40XK
77d8f3c78864352c08b865357d09f94883a7639b.mp3,ZJH4E5VJ
77f7c0e8393d6b7bfa641a9931d7326cf90e0a53.mp3,NHNSMBLH
7842a8253bfd1344ebb8b466f6141e4ad9b1326a.mp3,OK18PO6I
78693efb78ce03bb5568d880062bd8338dad8d1b.mp3,WAVJNO1S
7879059f9d2dcb0778c77416ceb5e58873f42d02.mp3,N6YY8TBD
7881a736a48c70d5c8884ec67084b2d6e2d27259.mp3,7T4FEG8M
78ee00ed5481fb0f6acd97f387c7faa008310f85.mp3,4JJFZ3A5
794b506c4aa148f072e192e92e81dd743816434a.mp3,UJWHFFC6
79b5cc8d6b06c9400d4bb943df78c7884eaf484b.mp3,5WVLS5UZ
7b1a7fdb045b4a08039592958fd2115d5dc5b244.mp3,UPFKQNLM
7b33cd07de7555b2d66dc470c20bcf310aff7db3.mp3,UPG504WP
7bb4e1cb3838a2d90430c5e82a79454301f88974.mp3,Z663D5Z9
7bc6d181751bf8f334b3f8085c4d3d62f51ac88e.mp3,9XZ7SWTZ
7ca67b9b46db5ed6b440089971e300dcd3514685.mp3,N3D7VE84
7d071593b733da78682573d41e2942e21f7d302b.mp3,Z785F6KS
7d0d3453354d8d936d9b773d798a1910a2569ce9.mp3,Y7P7ZNTF
7d27dcccc19f058f5d48d15a5a238d9730dfb865.mp3,WKWPHW09
7d5271a46d3d6accf233e6d19472c6e07329ac83.mp3,YPMM0UTC
7d63a135bd7346cf6c3a30047b362719e42f0784.mp3,AT6J56MP
7d8b812ff6b87d41274c6ad8803e9430ea9f8347.mp3,972NK6S6
7dc123018dea0f62a36eae7f3bfcee896dd7578b.mp3,747PUCMT
7dc8492786a627b0e802218bc1026a56a3647336.mp3,D1VX2CLM
7e2bbbbf36acbc7a5357e62698a58608f4173983.mp3,L9I2IAGQ
7f54332a937d1c8090eeae730406d08428ecd93d.mp3,14WVMT0G
7fda1b1807fb199e2aa6991b931a67f318fdd70a.mp3,ROGUGJYJ
80063398ddf06bbe695802ecc37db20520832df2.mp3,MLIPBUQ9
800810ab9a9f3e497ac44c9523d0e30ff918ac64.mp3,C1T4DLDP
8049afc5f7bf2b2747aaaf36b3ff0d8f6a892a9c.mp3,22QY0T72
80b3fd098fd910ceb76e3fbf5c0f905d0c71d394.mp3,JSPGG87J
80deeafc4ea75b80d7b060ddd9dee8d7cf7acdfd.mp3,7LBB85B2
8115a9623cda6a5f93de949cdb0bf47caef67123.mp3,M49H1Y1H
8320ac98ab9e41863b838c8fc3f6a71fc5107c74.mp3,52YY717I
83b0bcf14afcf151b9b2307ec9afcc366cf2d153.mp3,GI0M9DT8
841848ba97d17f27d2ccdd29f940f310f9b8fc9d.mp3,CK1FJKSB
84835f27ec3171627e3f16f4938ce54b6781c3d5.mp3,CFV7DB8V
84909558b386d1865ec755e2e6a74cec8e7df8e4.mp3,VKHOWUVU
850978972761d32d425fe108fd076e6bc3156ca4.mp3,T50KN7I5
851087eed7307cf6e1197f98aa0d59cc8e98d924.mp3,XMK6TZ9P
855aedb7af27b1a0c69c64715f159a9bfc1b6f97.mp3,7N5MPU6V
8566edf05e5589851815ee7ed9433f6a6737a425.mp3,B4BY8XE5
859d5f7a5612ab4ed08f08138dddfa13cf04e1b3.mp3,PH5OKMA4
85eb1243fbc1c0d4565c4087c9029a614f1e76d7.mp3,TPD4I2OP
86760c64221a54ec8d869958f98e6f21cf482b67.mp3,3X0P1GOP
86787b0ea2e6970a3f58677bfdb315f732368670.mp3,4KKHM6H3
8685374b491d2f99cfc1957ef2e6a9ef2b3b3b23.mp3,G8K7ODCT
86b8685c7e96c32e8d2b92dda98040c443a2215f.mp3,WVBQCAW6
86c98abaf22652186337f4ed04dae0b8827f1199.mp3,H83ZBCOY
87297892e2345a537c3e4457fa9cbd4014b2e34a.mp3,WSXM685R
8757f710a5b02d66da360641067cd56e55478a30.mp3,SWWTVRU4
879d291da397fcb279bc631fc75285d2be7ff7d5.mp3,JG7ZZRQT
87ad592f0276cd03534b308248883555cfb3ddba.mp3,TUFLLWGS
883e92f6a2071e586dd8244587180953addcda83.mp3,6A5E40JS
886751a5e6924256c5cab60e3079c3b7dd97c82a.mp3,ZGLREE50
88c75736f7e265d96525a98a684871dab94c6e14.mp3,PKBQMLZD
88e7de88cdf04c84dbdac5f2bdb546c7b072ca4f.mp3,VRC3OQ8N
894f67efabed7a4846e85b64366b69d9d2a0cc98.mp3,W6LX3H02
8aa64aa7b89262320e3c17b94995b02f4d256687.mp3,L3NY3Z96
8acf6bae2cda72458cb97db20b301bc81283ee19.mp3,WAK3HJJZ
8ae3523c5a420071b60e525073cbb0cc33135594.mp3,UBHE0K0S
8b610cbcfd23d47c13f2f262e2f1f90282544d61.mp3,M8TWUOY1
8c3e6f2377fdca9b479a43cb79abe75e76614e3f.mp3,7RXAUIB1
8d3066e4acd6524d5c21812c323cb703f24d6f32.mp3,P30MD7MS
8d861f865f55aff7fc43540262b15ad8e03f4fa8.mp3,MP6IB52F
8d9709a415ba902279788c688d469f6196a8f777.mp3,CEUFE1QY
8e2402ac6c012207288d6279aae8fc71d0cfd597.mp3,PX92HIN9
8e26ec0839ec94c4b7a76af87af67527571a1d86.mp3,TUS2CSRA
8e8f265c134b35e8f310a6d128aa2ccd723a6966.mp3,PWGZNLZI
8e910280528908aed48165212816d5ace8c4a313.mp3,JUPWCF5T
8e912e744fdfe627c3ebdf0b2b26bfd097ad6e2a.mp3,QN6EY0ZS
8f0a0da2331bdde57f60459e64d8304d96556350.mp3,HSDAOEMV
8f103b8db1fecb1604f78b8b67b80ae7fd63b8c9.mp3,8U3PVVO6
8f5cc46bb8906cf89d62fa7449d395c8ad80230b.mp3,C73CUBSY
909713848355f60d6c78a0f3f598a7a2af7c7a1a.mp3,CPHY0JPW
90b0107d9861265a243ec7b13986636bfba316f3.mp3,MVYPR6VQ
90b97a8aa3936642de93d54cbaf2408a9f0aea9a.mp3,49S1WLF9
90b97e34b80bcf37129b1a212327151b57216b30.mp3,3PTMC55R
910200b7d1a78a102fb6bfba3b76608dad822b9f.mp3,QZDEYZQ6
913f1810a829496f0357a4278cac984b1ed8dbfe.mp3,3YCAL3ZV
916c6fc0a4f9b136a9b7a059be0b761cbcee063e.mp3,DFYNWV1W
9188b0432c27b928606d55d7cad51609e20d0f34.mp3,G0K9UO6N
9192efaaf8a64b8737f37bd16807daa3dd4876b1.mp3,I86RCMOV
91c44e10361a690cb1f337060a2ddea63219680e.mp3,3NUI8FJS
926f0b9d622027cc32ad39dc4d7f9b3f3faa8349.mp3,PTIUNTZG
92f3cdbed7ede5e0131d4230b923441aea0f0bf9.mp3,4NA2UP4B
93603a0838fce172a62dd8faa057b3a447cc70a2.mp3,KOPKSSGP
9373cabf54d6c31c3c61aac2e4deaea131e3db3b.mp3,QL2MWY19
93f889b7722ef6d5b0141f7e9f84c0e35086fa7a.mp3,SXWWHX9Y
946c5f6d83e9f4297a3f11af654712e7eb262ce6.mp3,Q4998V26
94f1c05d2da9f7ff5c19b50fae6d3eb402723d80.mp3,XNF00W5L
95405b0d676546fc9f0ffec8dcc20ff119ab7612.mp3,F5PUDGKG
954f226de0af0eb1019931fec4a52dc9ee1b9f2d.mp3,EX85LO9A
963aabbf0aac81bd7d0555d782b65949fb1894de.mp3,ZPI426T9
96482b151900942866736f7993748ac189439f33.mp3,RJLYG2A1
9669490700bb7d677c4d722c16c0d72ccbf460c5.mp3,722PENW2
97039e4073d6d653c448b5d266ba75e58d36d6a1.mp3,RE5PZJEA
97b707fa287b992e0550b1da3508a9b8eb98e151.mp3,ZIJN7EFY
97b7f7151393cbcd49af6ff5083d9af9912aa0ea.mp3,CO9HCO17
97c444401ce6e4519480a503bf47ba72360f81e2.mp3,ZA23U5VJ
97ed784260e46e91f13cc344bca8ab9e9138f2ed.mp3,CM2I9TW8
98108ebdc374f268485b7a4978a87039a1a5ed55.mp3,CIRS1PYF
98a0413056121b1f9fab5adf451491c8002fce0f.mp3,3W8A5O09
98b5822ca424464e05f85567cf391c064a154ecf.mp3,JH7BL6EY
98cef22d2d0e77c574c4dc4a22e49c5e37a8429d.mp3,OBE8QAXB
991ce6189e7b07fa1ad560abefbf5e759a17c81d.mp3,IW9JKD5A
993fd96784027fdbfae34d2c32d88ab00986cce6.mp3,TIVVB309
994d93cced99c3092a2d0ddf64c45cab5afb2f90.mp3,JR3HS23S
9af1d625bb3f4e69e0cd876057ca0344e867d3b2.mp3,DMKCXZZP
9afef9842a192b11647c567cd65b12c4391c737c.mp3,F5TO9HL9
9b1f8e7787269ce945c8c88d874e3334d11a6e0a.mp3,P6QRMTFQ
9b24a8037bb53d5c8c690b66e73edeedc1c997f1.mp3,R5MEZL8I
9b3c87316757bf57d3bc9a832579c7193edb0549.mp3,KVMTA32G
9b52c10a7d12ba482a7f3ee31672b2e99145d6cc.mp3,8R29V4KQ
9beaad470f46d519ce10e691698b79c309ad51f3.mp3,R9RKVZV0
9c3a0810e362b6aa0dfa783a76cede0485838da4.mp3,YC0T5OAQ
9c5cd112415f3a9f61448b4ddc71c05d77613db6.mp3,XH29DUU0
9c8c718995fc340f07b56babe70458f6de1ec49b.mp3,G738ZGS0
9c907b517286359886fe59cd79a969f79f2eaeff.mp3,KBQWFCM1
9cdc0b591060e948604d5c9e52f6990faf971093.mp3,MF1UDGJY
9d2355422900ca904a74c947ba9a4beb90e4302c.mp3,XC3BMQ04
9d819b7b98d91a40b84127721e5a91f979b1085a.mp3,I8BR7NXW
9decc6c6a0283cfd4e6d92e168a9deecdd56c92a.mp3,9EWH03SN
9e1df02ef98b8a0b08b6ee7671e8ef10890ee831.mp3,7PFU8H7G
9e7b5e1c12f44c92b9edf080bf5588dc8ad1eb5d.mp3,1L13VJG0
9eae98a2b75c3ff02cf783b403ada9e32a1d564e.mp3,M91VHD7L
9ec3bb084dbe805bda7a3268d3465607b763b9cf.mp3,TRVT1LYM
9f1839808b3c0cda4ed3a121eb1abe8336e68fa8.mp3,7INP5XXR
9f97c878a31ced322b791d5a21527532efbe63a8.mp3,F2MOLWYL
9fa9a5a8642addc60e1bf1ae37d0f1da74b94403.mp3,UYVHD0CK
9fe940be1a5c0578eda38ae2280a8f322be7f962.mp3,AQG38GCR
9ffef5a2e3c419db707cb90e58c6dbbae3bcc9f7.mp3,9V51D1SW
a011d1f6bd12810597377b5e40393ec32f2b3ed3.mp3,PTH9GMGS
a124348cdd95e6e4de79de0afffbabef920533a2.mp3,UVVA863G
a13d904b76ce6a1a18d5db25a487fc0d7856477f.mp3,HWB9VOA1
a14e90b8d8e0e2ae673c4b2833f0c085775feb42.mp3,NZCJDL3J
a153f7a88a54a52d4553e9df4c11a35ce22623ee.mp3,A9OJ61N3
a15adeefb53a0d0b094e1ca91bc93a1a9de17f0d.mp3,RDYB2R5Y
a1a2c8152996c8bcdeee49132aecc772a1870e63.mp3,9CT4N6HR
a231254ae336e1d5f64d8c68610484b70c512aec.mp3,CWQKO9ZA
a250524a7694d545f55dbab339e1eadfa6771e55.mp3,6U438Y5M
a2708ad33874f734a5c667763343ec4839860b52.mp3,M8DEPNNU
a276a7d0d55a64efd8f16657a4c1ede12ca1116e.mp3,V9OWUVXP
a2c834a3028ce4e1c05c97bd51fe15ef2d0cfa20.mp3,4P0FEDYU
a3af43d550a9a0633fb82198811a8d12daa7a571.mp3,ZK2P7ZKJ
a402be88ce6ae8d8dee1ffad97142ffebcb1b7cb.mp3,Y1XFOHCR
a43cbce4ff1168e7d4a92a94767f3bace1fd91bd.mp3,KV0TSD6S
a483651745461ab02ca32891f24e9ee4780eea35.mp3,48UTT826
a4b9d62e52970c01b3e9e34dd9636b23a3e8b14e.mp3,SXYK4NLL
a518c3de66caeac001ea505dde896fc8e2e085b8.mp3,VNLG68K1
a52426a9c4a9efc0afaa54b96829fc36790423c8.mp3,T94549OI
a596a5278134260a8afa668e4a90bebc4a32c657.mp3,LR0M1C1F
a64e9dc97053c18d23c36cfc4178bec2da0bf518.mp3,MLG0Y4A2
a66178282a713e8e068a0e006d58255cca1d4348.mp3,W4JZXSG7
a663c7e08a6281a9f6e39c6395ef524fd8c2f31f.mp3,FW0EQ9XM
a68b1c2974ef60b603de51242719738cbaef3910.mp3,S00X7MEW
a70afab37b40ab8ffdc41f46561b300b2d2ecc50.mp3,EXTROV65
a79ee629b75fdd998bf3177cf419e7ba7a2bbe8b.mp3,7N31G7B7
a7e0f9b59d024aebb1052efc0da86b37498d8e16.mp3,35KH7FVL
a7e442f9ac2626f69e5f63dafdb4a218c8da6931.mp3,98ETKBRB
a972c84ccc994c85e44b1ce1f3fe13fa069b8037.mp3,BNFFIXV3
a97b3843b38ad1a035bff47f93a6a1a0613c9f68.mp3,KNVT2DA2
a983fd002069360adb0547e54e558966bc96468f.mp3,LSBJ7WXE
aa07a6311edd15b19c2643372b754818ccae79f5.mp3,MMJHORZ5
aaa597acad7d726415e5544aca560ba1dbd4d16a.mp3,04CAUME1
aae0210f07dd5ecc84f82d57dfe186b45af42593.mp3,D6R7XDS4
aae7ffa9af7a0d0bc2bcd071e2c9851286ad0440.mp3,XLXKPMMP
ac03a9ba0baa1e0e77c6fd93736c591e24e868cb.mp3,7WJBBOIS
ac07cc13ffe020fe03128ec0c312b35106ece946.mp3,R65GX0IA
ac205ebb48bf04817d84dfa6d46e3584636e35a0.mp3,QYRWRHJN
ac49100be58cb8e87b6686af72414834ce028aa2.mp3,G3D9UJHH
ac491dc231ea7ec279dbb6fbe43b3f47a9b37243.mp3,LXSGTRU7
ad0789f59c8f3fa0c9d3d510d08044ab9a2585b8.mp3,0MZ8B2EU
ad2bfd0593a0ede45c74b9774f669c2595a2a2db.mp3,ZW3A9J93
ad7d9be2b5997cc0c02c91565ea8bf69c7d8641d.mp3,R6FKFTQ3
adf0777776254b95ba888371255129026f946037.mp3,VKBX3013
adfbe4bf3cb88fb987622ae861b43511e09f4f99.mp3,Q2210JKU
ae32e9ef3822dbdaacba07790c4e699932b4464a.mp3,TZ5E5K01
ae4f2c50c0aa5abc672fe53c8737bf0d413e8cbf.mp3,Z1VIKOY0
ae6a11e1b6737152556e51a406396dd2c4f70826.mp3,AGWX0WQU
aeabe10a3cb25afa048e0474741594d27b2cad27.mp3,18YM3N6Q
aec18212f29f05317b747ac5e29451b3ff678c01.mp3,HLT1NPZV
aec5181aea319de14e2dea892355598060b22b5f.mp3,8PBW19JU
aef0b34bb0738f8a67d430ce1e61e9e365f04087.mp3,AN0SGU8Q
af3149ad44fa254bba5dc7d82757e04d8dfe5075.mp3,7CV4PETK
afe51074317a1ef7ce1c2589b875f7fc6deef141.mp3,S43WF3N0
b00f7b575ce23c2177e84dc033483703a0399122.mp3,URCCQ1HM
b0219374acc20fd4d7b3b4ff2c993c854ff5e593.mp3,ZJT7FVBH
b03a9a44d38a3906bf002d3de767c2c20bf3db8a.mp3,Z13KBOC0
b0e60d1764d29c2f600332aef264b5ba0cdac992.mp3,RYBJNIEO
b12a56ef76186a3439202d3efa65a89a9ae0afc6.mp3,HRV5HT7I
b1584c8f8185d83bcdb01a966e270b1f74f13be7.mp3,SFBEI365
b178f85d59c6a57ce34241ab2a0e876a0e543017.mp3,PXYBCYKT
b1827f6b5a31e26bc381d8d9dbb53b7927fbf486.mp3,WXDU0M0Q
b1912690def2003307d1bf95ceb66ede006271f1.mp3,YFKTSP85
b1c0ff82fc5640ce600d055bdb28421fae7bcfe7.mp3,4OEQYYX1
b26fda5ada624122d4ca1202082b499d3495ed14.mp3,U7ABJZZT
b28c9a59ca0d174f146245f53e50f2cbe1ebfd56.mp3,ITS85C3B
b32929f516935c2f24d42fcaaedcea0401cd7901.mp3,0R0S28NZ
b34c519a2c3036e13774bcbcb0646e5ffb9f7ef5.mp3,KO40FOFZ
b366a77ff377989aad09e0227eb2a84ba7270d21.mp3,JPPGLBBD
b3b919b420c7be6f9eb0870744b92fd5e96712d2.mp3,W73DUIUR
b426c1f1195ef0733f11dc772a500d365b83ddae.mp3,MX6W369X
b42899edc247d9efa9ec9b44626cb97480178884.mp3,6K9S6MI1
b462506f087f8129fef63483511f89b2850cbec8.mp3,QAUW64BI
b4f70dff4d96b52b5cf11bb72a25faabe05b65be.mp3,1P566FX2
b52307630b3e766ec4286a8bf8c92641a660b606.mp3,HFU8YFKN
b55cf8dd18eb3fbc1b7ad2ef7f8b6c699979be1b.mp3,LYESO5VR
b5be069afb662546af9b7106667e3e12af8d6273.mp3,VH5SC0Z9
b5dd96dcfb114510eb8c41f446f4fbc3f1f17336.mp3,H5OQJGB8
b5ea13d518038e9f7da1a6cd47af127ece1c9470.mp3,IHLJ22EZ
b640e1884b3d46963f256af810b94c9d1bc64957.mp3,8JBTK4WN
b6e0803de60b52f51de37595480673ba3193e7f2.mp3,LR70D6RE
b6fb69118bac4fedf8e4071d85956456ac0a5f24.mp3,YI0E7OOC
b77b807243194af6ea6a5da81b9ac482b4a435bf.mp3,33SCVY4D
b7841ff2c1ef1d8c61fa8ed6d7f9413c654d487f.mp3,U343XTSM
b7b35038f41e6b2ab446e0e8fd7b2b1552ca4208.mp3,BAC7881G
b7d71b4dae9cced9b12bd15d9b259519a66ae716.mp3,CTC7VMB6
b7f54cc886475938287948ef70da49d6fe24e8e3.mp3,R60YALCB
b88684c402c79eacfc73831e10ef05f1a473f419.mp3,BSPXIC6A
b8f443163fe01ec93dd01b63243999d2df885c7e.mp3,C1XY9JHB
b963b411c6b5cfbbab6dc4f8aacec0b8378b2cb1.mp3,M9VUJXHF
b9fa34ab925df82e0677d9999f9db210b294f795.mp3,8L1TYY9V
b9fe29de7c2d9e9d38630ec6e16a89f1121a10f5.mp3,2JHV76G3
ba5256bce199c9a924ff3bf47497d3e70fec97ee.mp3,XZYMMG75
bb5d1535207232b40fa1b6f37a7decfcdaf7d226.mp3,BXJJ6100
bb81dab3c1828e004976f22c6463f09fa5ecb4b7.mp3,C96GQQRQ
bb96ed30c42e0ed15876b85fbc926626aa4e11bb.mp3,BW86MMU8
bbce8449b60bd495eff4de95623ee69fc34e4a46.mp3,BDLB6QII
bbd693aa2a17722af0329dc5c9ba5aa56a1fe017.mp3,9UOOVF0S
bbfcfe99e0475602d8d5380f558b6e1e2dfbed91.mp3,MZFSZXLM
bc2f3608600abed2f42959059fb262ae46375e52.mp3,YN1MHBCX
bc65f4d0cd35834f9fdf3855f0bf76de73d2ab4c.mp3,KH4994S2
bc698a973dc2d991f4b46b1a6bc3c5fe40fbcace.mp3,HSGOXB2N
bc6bf8ac58fb80a6f834bae2ae4d1d25e92eaf86.mp3,1SHG2D7J
bcac3696cd67ba3b6caa2505bf57b035cdaac948.mp3,9TAPPOMG
bcd597fd0fb4b99d1ea984c3901755a3dc887e81.mp3,6GIZ8WZT
bd01e11898f1eaeecbb6823b5be17dbdc320547b.mp3,RZSYQLNL
bd3f015dd8922f12a812c5f4e6dbc19de839a84f.mp3,51BCTQJ0
bd584aa5d439861df64ac79cbf64a1b119505cb0.mp3,N2GE8KJC
bdbe7d03392557178e2bb7e49d548931b28037f5.mp3,GKKJBZGY
be00360cc408a0d54200303188aa7448e6ca5c00.mp3,MJN88B7X
be775ae426fc3638dfd7f3c4735dc88d114b026c.mp3,GPI5FOW3
beaa1e111fe7e5beab9c4c58f0de0b0ca411e45f.mp3,7GSQKISZ
beb1a08ffee714505be8a058a6f6b35fc9f4f9a4.mp3,8L1YCKR6
bed081f773d69d76a4ac3ed20ec5da61c5b5637e.mp3,J7TEFY6L
bf4149532548b0bbdac0d550a8b5a4f4e29bb1ea.mp3,5VLH5CT0
bf70adf6c0cada3a133f58778b873cd35960cc21.mp3,VHE32KUI
bf8939d0e8c806abf2db9697dcfac288615bede3.mp3,FBW3GQEK
bfb5913daebd56406da51d97dc296a8952f152f0.mp3,NSGBAQTU
bfb65e6b9fa568c4b8e59aa5cbd01563055923cf.mp3,ZUS93DKM
c04e7f69977606fa9040b0e0283c8a109f01b725.mp3,7BKV2G9F
c060fe8cb8f20ab95d4354a24a6f824eb55567dd.mp3,VEVAXQP7
c1b1391dc5a5cf2b5b153886e0b2a6a56e8e22cb.mp3,KGF29OYI
c1dcce06a1ddda758f71dbf54e6a88c753c4131d.mp3,Z5AR0Z65
c2564c3189087837226b8ac522647e43fde892ee.mp3,ZJQ37AHT
c2bbd8914ded9e17462d2317ca5f3cb3f6d783f5.mp3,Y0VBUGES
c3258ceb4eaee1ff8669d20e273714f531dfa8fe.mp3,FZFWJ0A7
c351b1588fa78a43218fba5c7b3d5892ced2a56e.mp3,14WQLKZA
c37a93c136d590d98ef9f4ebe366f670b9d3cd25.mp3,7MSLO3VQ
c3a574e4e0277ee67b89fd9de671871d4f893ad4.mp3,5KMDWCRX
c4332272b92d85ec4f11704ad30c0581f963a0c5.mp3,2KWEIIW5
c438410c9e5193cc714624ab92c11a2e2663998a.mp3,SRDHCX4L
c504492af2d1747de32efb29ff95364106661beb.mp3,6PEYHEP6
c516cb5591bdd505bd780238a868af4b67d27ab4.mp3,95122P9B
c6640231d46f2535cd1fe89d4236b625c196d5ed.mp3,9WFQEGV5
c70629164e3f844bb75c51878dda824066e308da.mp3,TUY3F34G
c71fd1ccbbd5268e04f6e849d1b652407ac92264.mp3,79ZPVYRD
c756217fe74c0ecb70bb55cf02b54d338c5e599a.mp3,RRO3H1XL
c769d3f3a4de85ee7f2bff927428d37454589f96.mp3,RZ8DP6YN
c7a541b55bdfb6351adbfef41bf5be1c29096598.mp3,XZZOJ169
c8520890006e895e5b9c436527aecbe6b3742990.mp3,K48DAZXJ
c86270612d3ac0a1a3d2f8981b63af0ae9ad466b.mp3,99O97D8K
c8ed05feeed4a386675c4e04665037d2e1ba5573.mp3,XMY2WVSZ
c8f3d02a11efc3476df9a8d3fd82505784e60ab7.mp3,9EDQDNSN
c9218d4e1ee890b34010bd39b8d8833710cc0b78.mp3,5W7VL4X7
c936b60d84bb26c78428205011d36b3e92dc6f87.mp3,0SR4JKM0
c946313301f64c280c62be74c108d923b3fbe22d.mp3,MD0VL0OP
ca1c220fca2818987c8ff6aafe83e7c8e60d4263.mp3,W7Z37VTX
ca3f88afcf977e9413dae04787841d3cb5a2fd76.mp3,BN2B5QHN
ca5c51a5179346c442ed568ca32a98a7bef645e1.mp3,8AFDBJZW
ca64528df9e0358d0607962aa76613539abdb72a.mp3,GEG56UFV
cb3386f47aeb07fb89a0ded00b3331adc76e1bd5.mp3,E2SANPUN
cbcc3c3c32e5855e2a83427e1216fabaab08e78c.mp3,SM8FFQO8
cd1c51e866d91690a6f62cef85a3469c0a826ad3.mp3,CI7XBIG9
cd4598495616bf9356c36d58527824545bbc56c1.mp3,3U1U7UAJ
cd68244f1d6e3cf98da023e4f1ff31d49803aff2.mp3,RYJM5OHB
cd88211eb64178c6d39611df76ab99a79d19d0ba.mp3,7HO9GTJS
ce4549415bd49d68c2c18f4f184d811f1d735421.mp3,DNKNRDLJ
ce710e05dab2a5a633e1fb1c9c43c1d660cf1c4e.mp3,7T1LKO50
cea2359223bb15460f3a50fac77a84e2cdaa91c5.mp3,PXGAB17R
cfaf2f615fb1f4b22f05ba71792ba04162ed09a0.mp3,UUZOT1RA
cfce0f388de04faa80f99b4bbe32b317439be06f.mp3,7VFSCA5U
d016458786e5cb6196ab6fc151ca7ff95efea3e8.mp3,4F1BQCNM
d0b6994c9fd71f0f7ba6efde6258da28f4e2f8e8.mp3,U39JZRDE
d1730bf9ee243d71a10c177340c56eb2f2a62d1e.mp3,ZT2CW687
d244ac9ce0dfcdd9384f85fb2cccb345bcc0a94a.mp3,2X9H61FT
d2760760efef2c1c3ef5c29d88f5c495e9ddcc34.mp3,1RMGD68Q
d2cbc619cb6f08f141c0d14fce785998b2bfbf89.mp3,XPEN0EXJ
d2de4b39beb105ed4911f8970c292d90b7510308.mp3,XE5ETP9S
d36a3f856e4721486348cfc17124c83d4edd406c.mp3,2JPL82DX
d3d4c1bea529a8a7f265bc77141845b5ec5757b8.mp3,14DN2TVD
d42c02fc2a951cefa4c3b766cced4b66a34b53f7.mp3,WUUODBF9
d487dfa98de8240f992b2df5e53d310ece82add2.mp3,4UWLSG8N
d50cd7d4e949b88aac69542e540808c19eec49bd.mp3,KV3TWNZH
d53a15323751fb7c4d7ec158be0c6b41e6529019.mp3,PTDRUE25
d5ef113f3b8fe3908aa1555b0ab71a75690b2235.mp3,RC8PPWE6
d65a36801e0510652cc97e8dbc590a6d377aa0b1.mp3,C2715584
d65eab2e72eac72ce8a8eb47e81fbd817c4d1b7a.mp3,929XT3P7
d6f74282d2793780ebe0fbb821823f1802723717.mp3,AX2VZ6SY
d706486447d909f9f215c4569fecdf621b71f28e.mp3,ZZ8CCX61
d7099c4412eaa1b27eec640af26481e4f5657698.mp3,LQZLVXKD
d720b153a8d4c994dce4128935785237e8ea2ce8.mp3,Y9C5ULRZ
d721c419ff7eb6b97fbb61dee9f16d01551cf6e9.mp3,W6EXX9MT
d7285e1c3e13959a528e15545f45d3c34d86e794.mp3,8AHENC6Q
d760a5f957b48d07830aa8cc3d14a052d0eb2362.mp3,E7C8O6DB
d7857772452e69c3127f19b4319745cd1e8ca0ec.mp3,WOYKL5JR
d7c8d0621838115f3cd2629ce5b2c2b2d507b8cc.mp3,YNSXCUWR
d7f134d563d2533b64b103b849186364bf270eb4.mp3,AVOQ30VG
d832c0a8f75ade79808ea4b527cd925255a57a04.mp3,1D5XCZUI
d83b43251d9118ec993f47fbb9137f14300a766f.mp3,WRPFIACS
d8c948e5bc296fdfc3389a9aa153b68e038b7102.mp3,NZQHVY0T
d8da2b4f6fb5ef34f849281a41f785de5fb3571d.mp3,NK1YVRS3
d8e6b6b6655e140884b58c0570ce342b6b00fd97.mp3,HFPU7BCM
d91a74e2d9fb76e67b0dc9de1fda8a1ac2eb618c.mp3,BDOO3TWP
d9b0e15796c1e01d5863dde6a454d207dc6f4de6.mp3,6VS4ZJZY
da1106cd760ec210dc87dc6a9972492eb9c5caf8.mp3,KF7GIT8Z
da212a04c8bf3f2211964f18f09410c4b04a7cbb.mp3,GQHVUUR8
da2d1f2be9d857d344c37f9af62c23a0f0bf12f4.mp3,XNLTABD4
da356aad9a02417d2a8e70967f23b12e451acff4.mp3,4YNGLYYR
da5a29996685f95b7514aeff9770f853324240e9.mp3,ZTAYH5AZ
da93cd3d2accf967fa4ad6955ab95cbcffe6695c.mp3,WBCX561E
daf7c13135ebd4382cacba71ab1520428ffb6bb7.mp3,P8L6MQ1I
dbb735accecd6fdd23bd266d68c1277e9849de6c.mp3,UDUNCUJK
dbd69c253becdbfad3533102f8ccfe18eaa729d9.mp3,UKQ2WC3Q
dc21904ab4f60781cd4689a6f03d21227b8321bf.mp3,I58EP075
dc9950daf166038e8930ee150f4c5e38cc0aae12.mp3,O4Q5B7LS
dcd70ed6a75ada6708a0781452234e27d9f48404.mp3,R5FVXA8K
dce92ff3e9886692f95d3ce5f9042ea8ea5fc962.mp3,8C6IEK8H
dd287d1e69589485e662ad51e459dae911c1fc71.mp3,SK9T7YBP
dd9129eb0700e1076a8f1c0af444756e199e011a.mp3,8V9R1NK0
ddf28ca1acb6071676c8f9156136f24f14ef912a.mp3,QY1KMOD6
de3e0d048a409534b391b6a500f7c0525cbb3e20.mp3,PY0B3KTL
de4eea822cd5c27da5c3da517de7af2962e7057d.mp3,YG42AEWS
de6d5f35991e49bb6bcb6d8c2c703c5ca50e8faa.mp3,D9FLUR8L
df2272936511797991ff12f284aa01ff0800d72d.mp3,X5XJ3DH0
df2521a82e721876add33532d47fedecd462253f.mp3,5LCX5VVX
e0408b68ea4b13cb8006011dca373250a5bbeb29.mp3,5KD3OI0Z
e06aceff8b9a2bec73ee37766151b71e118911d9.mp3,CICJ3H3T
e090f701737c493fffb09c4d0138fd60e7e2e7de.mp3,SHSIP6MT
e0954f179a96bafe6199431cce419934409f130a.mp3,MX8BQVHF
e0ca8dd82e874885dbb27a4a5ff52e5dda294fab.mp3,U90PFNE0
e122f72c9ddb9cf70f921efc4dfb1f2c4cf1e56a.mp3,ZP9ED17A
e1384cbaf143658b1190d2bfc984d2508d0c12d8.mp3,AHXDUS0I
e18e3732db62d9aec1f52cb193636fa2cd9039cc.mp3,CKZK69TT
e28a0f4f617e1ca4308092f19d7737e8c22c9f9b.mp3,7QOOB84L
e2c7aacd33dbc9793797c169d7c2f98b3d1c88d2.mp3,VVTXLUZ2
e39cc9510162f6770be07272c46ee1ae3d5c5600.mp3,KFZ3DDV1
e3ecb4e9ff8f08fb51770ebf942f16d221977761.mp3,YY7NRZOK
e49c2112379ced27cf35381fe2ef0d82a0ec69dc.mp3,0913PZN9
e502e40ba8c30a75247650a17cc205000e77f795.mp3,SY8BZMDS
e519ece44ade4fd1b5a040e2134f3cde525c83f0.mp3,SWIHAHI7
e57cbba9f1b6827637383f8d6a94e7f72387ad5d.mp3,KMDDUG5Q
e5fbfdf143f5feafb040c508e071676fac259a8e.mp3,0JQGRFPW
e605cc3aca28f984f3a83f777100678916db47bf.mp3,0L9QHV6E
e61ddf9b41019c3db5e74f0b50574933b562ffa2.mp3,TUI9C6CP
e6226eef5a725262ff3abf1296a8292cd6e71782.mp3,KYG41OCJ
e630c4bc997b68417e9dfe7365d789c7ed73f196.mp3,5SPQ8TCT
e670d3d0f995175adf3b2eb6182097a6d9ce9902.mp3,SLTF3L5X
e6cd2e3c4d8b7cd53dfa1fc71eb6344ec26ace10.mp3,ZL6YWRU2
e7dd660c602d3c8189739ba6d9779985c8469281.mp3,LA0I5QG2
e81129d72a497388c91b9563767bc29fe167d723.mp3,2W02OVB3
e8c284377a36fc8cc259c520f4682d9ba15ea8cf.mp3,49AADNZB
e9583932a2241b1282eef32de116b67a442aebc5.mp3,1XA6RHPD
ea48b4be414e3245d7ee44c750ec35158c63fcd9.mp3,JBQCBG8B
ea4bdb9de05716308392ba1c775508b4fe15fe1b.mp3,YSLH40AU
ea4c661add074a464cecf3c2c176131ded94ca9b.mp3,NV3ZR1H1
ea5ce9065fc5b9df57793cefdae8678359fa5734.mp3,2X3UP52Y
ea898550905abe4611d6696fe63669b0df2be55c.mp3,7ZUCA17N
eaaeee9841edc6998fa236053bd8e750abe54c13.mp3,XHW8JFXG
eb18e088d5b8386f917b55c5aead463a0fa11211.mp3,RAXB9331
ebc0514a53bd3195dd17b3fc45528389055c865f.mp3,Y0AS85DP
ec8dd3350b91f63aca7f3a2c5d33eb9732529ede.mp3,VNHE5F0D
ed14e5600ea30cabb34d57f0a4c9d190f1544f3e.mp3,B73CKI7R
edf70e2b4f277ea41a21543c1c3153e3ed1313c6.mp3,2LGVOEK8
eeb9254408fd2edd0a02a08fd687801c88c1f7c4.mp3,BOPF5ARE
ef8bd8ee08b95d580bfcd9f0ef21cdc9798a59e6.mp3,D3M6PO0F
f1c9f2720ce175b973a4c7dede0c11844623d877.mp3,4UM7L75R
f2fa09f1d6954502b18e272aa0d6ab5b1dab436e.mp3,CVCDD711
f3b6659ba5c6a4d27cca3c3990352dc50869d279.mp3,UV6OSD2Y
f3c185b0576b26b4016717bb305982e8f63641ed.mp3,430O6BZ1
f44dc1d839209ce9f860c176980bb0c53ccd6806.mp3,WW3NXESB
f4c2086337f7b2e66bd127ab1f7ca670b23fb0b0.mp3,4GAUI1PT
f4e4ca01b514b86c47f71f5786801c64ced40dd2.mp3,D2JO87UX
f50e474e8f11d7982a105fa06c037dc70ac44f12.mp3,3V7H701K
f55d5572d0f754a7191f7718ff55075c95fa5862.mp3,E82UFW1P
f59b034f71b99c753032bc3b64efe3dd26ad2f1f.mp3,GBL7DMK2
f5b4eb4c0c610bcf45455b5b45f033a65d8425c1.mp3,833SA1YS
f60b2d1db1628e0562e31901489986a7376f1b51.mp3,BV8LHOYT
f60f49086f6ff6d3e6bb1eda186d7178f7c168a1.mp3,CSDD98K2
f65db093bece34c3c3d6c0aab6035a4a9444fb3c.mp3,4NAC6O0S
f67f2abc4706db6cc3f06c2ac22f22db16804017.mp3,655QBAQ2
f6aa17258a9b53160e72a3b72fdc3ae5baba8ead.mp3,KY59REG4
f7699782a62d09254925cc2bb4fcbdaf5d50f3f8.mp3,0HZ9XSLA
f76cc31e2d153c0c97809154cd17d403bdad53dd.mp3,CPR4LC2I
f7f7601a60ba92413ef15f4b811e8fa98d0c8ca7.mp3,5RDK2QD6
f82e04b7cdf72514c31dedd271f76551968ad044.mp3,9EWIP78Q
f8506db273fd9a6ac08e7f7f4b5174a56ace621e.mp3,JCJB83AK
f875302213c29de7b3adf0e7e2e4117a46e9bada.mp3,VSE1IBUN
f87bce1c490cab8086bf55c9380281d584621795.mp3,KOUQH0XQ
f89d27dd8f7b05c3a4549df2c0da1b20bbf9e45c.mp3,5ND57ZDD
f8db031a31993d7df6520244ed33247103bea466.mp3,FH5NTTRY
f93c14a79249386ece2ddd64766fe234361c355e.mp3,NDFEXJFD
f94788ac079f32e4a431b50ea0d8fd23d77c5b40.mp3,5E7OL4P2
f984b5a8967bafa42ca3cac3bbb2e3a7e065b26b.mp3,69HNR76K
f9d030220e755a2c98d6efe44c62ccec8be18239.mp3,0BYOXUZH
fa0d42d2f828e16f2072265e020f2ad66c9aade8.mp3,6R8NU3HE
fb3bf494cf9a117b0b69d7e8a4c03ccc20d8c01c.mp3,AL1ISE0A
fb5fec9af7ce346866313ba20d69efa29535b324.mp3,UX48TPQ0
fb63c1d9194a2e0c2137131202d702bebbbb3844.mp3,EK1YGHVN
fc18947ac0545bd238e3974f32c6d71399e25a72.mp3,2XH724DP
fcbf11774223866d46f571a637c039418ccd784e.mp3,85YSA999
fcc5fdf9bafb63cd645113ce9485ab078e9504cb.mp3,KRLFT2RA
fcf3cf15a2efc255c956dfdf4783b9cd402713c8.mp3,DYSV4HZ4
fd40401c361e04d41b918fdde9bb080e2f74ed9e.mp3,08QY8V4R
fd644c5b48c86a90e42cd9c429b6503be4dc98cc.mp3,5T36QKKX
fead9a47e6e0192caef72069454f3f02f6283022.mp3,YUTXP4EA
fee97ba387295f454a1028c542fb4d9a26dbc544.mp3,UNCCOQ15
ff573fa1011b775f375f34c1242b49b4b86f9b01.mp3,H2B56BC6
ff9a9b1cb5f8664ddfd79527601a6bc6120a0380.mp3,6NBBBPPI
007480fd44f028de248dcaeadb7ca000fd68f7d8.png,D5KBBSZ5
014fc5d9c1c0d485c0cea908e7007b118675884c.png,KVVCSSSN
01ae04638405347adc1b5c1db9cfe4b0b320252a.png,3MCXEMOW
01f4f80c9d4120ebc2d63bfa9b101ebca63de871.png,C16PNHTN
023e1ca6db31b37080db0f7f9efb771caeac3c95.png,L9C5K5OG
023ef77063a3249cbd996bf3502d2685985c65fe.png,V5DD448C
029f35c5b5401fdb17a3c7dee076a0ba7cc1028c.png,CZ2NNW8P
02a62404b4c32e17df1eb819c42f64d5dc7cfbc7.png,SQ521XRX
03893914ed8bb1bde298064dadd6ec60b7fca0f2.png,8DY8UC1A
03f709b350310bd964c96f36e5fef44b684b4654.png,MNSTNUL5
03fa3296daef42d6ed810515d404e09c2fb7f59b.png,4IDJFXZK
04bfdb8284df0f315939ce9d5c6f69e0371d362b.png,Q6A4HHHP
053866e935f25168f55040f8eabfcde47d34183b.png,AMUO7BR8
05a236ad73b9096a321b5491b85f585af5ee9afc.png,7B0N0SX7
060bff5c643f86118e064c948a8ab579b1eaf3cf.png,LSTT5K2P
06934a4f58b2d2e5eaefa9ad383a50d491387f8e.png,15NWXS05
06a3f30de0a11eef1f4d56dc08871e189924db4c.png,IUXXG1EN
079ab091f918c6c6001b3e8945c524d80d7bac7b.png,MREW1X43
07b924036d4730b1283a6a295b15e4164f58fec8.png,QZR7X4TY
08079d435a8cc90d23ab92d8893402b38bf36c0a.png,7S2NZ27Y
08506cda6a0f65a8d74a7aeb7a8001bfd87b40df.png,X3K6Y66R
086c7c86c3fb4bf12e81e8ae44d85fdb17016b89.png,Y68NSC80
08748dc0baf34c3c52fc8f1e2a490e1a133268f6.png,KH2ZNGKN
0890503ca275c70105968981c300b7e6c0f46696.png,LITYC2ZW
08f17baed74c1237003ca4c4a6287445bde85b59.png,5DDZ07QO
08ff0f659e07a8c316d3441d96ce66d2cfa439f4.png,9ACU0KS0
0959156daf2c50cd5ad255595f1fabb0cd6bc430.png,KA9UVU3R
09d963232e056bd5793ee2f532e01a1780f646b4.png,VP7EFY7K
09db5174197f0217fe6b8be2cfcd4abb9a8285bb.png,Q07HBCVR
0a32690be189a9d72785b4c0f7fd4095cc29d190.png,3SGHK55J
0a82dd9104bd725bd3024d1a6635babb6bbf80b2.png,7B49F9FG
0aaa92d33ee0602745803970954941e0fdd463a1.png,H4GY4RNY
0aba517cf7c65b926cff954f77680811a229a99a.png,4PCFT4CR
0b2190dc590dce7b5dfa127f41d75e4ace22fe00.png,PP17Y1EJ
0b2d8109eb1da974e0e02f4d2e8bbd57fd9b1b73.png,R4491Q12
0b654a3afc3fb4d9493986a040cc82c024b7b4c8.png,7V08CAYN
0bf3bd2c885c5d6f05eb0b22bf491e61176c871d.png,XLM1NNGS
0c92c451088cab047d1b6b54ea1bbe7afb08971f.png,TTGK6PZ4
0c9998fae49faba6eac900d91740a8aa199d4663.png,PLTMMO8Q
0d1cdfb5268d717acd08ea2b66fc361363c62df9.png,GZ34T8OD
0d342b8516d4d4a07eb4b5e07a07632d4fc1695f.png,STSF5L7D
0d8977f908dc329ca1c651e16e9803b13fe92e33.png,L53UV9IW
0f3421ec219a65b38b0ed35c1145672eeb0f0a18.png,POGGCUAZ
0f345fd6495701184ec6fcbad532d77af8872a13.png,C61DVN6H
100275395ae1a489493c39068a364c17e96a31aa.png,5MOLRBJ5
10624a3357ec1c5a57ed77f3256c97610a5a1166.png,8WO1CPYB
10e2db421abe84a5efdd361c75ec358c5c74c47a.png,WFGWFQ1S
10f8b6072cd4c0ccbd54c8921d6057cd3820b127.png,HDRC4OBO
112e53923def9da0e383a2bfe16bd8fef09df27b.png,JA0LCOUV
113c4ac1a7717951a2dd384b9572b4e5d0462a46.png,LWFW7FJV
11af9b77dfaa7d2e0c921a81e59c60db93e77b2e.png,N7V4J50B
11d77c2d37851b8790c27611448b6de5edc48dd0.png,KPLLZZ1G
120727834c68968d64854197fb5668623b1219c2.png,8IH8DH1U
122760b1d74a90eb6490df41ca5d65f7154c38d1.png,3RAHI344
12371972e6d351c3fc59fbfc3706f33b5abfed1b.png,E98ZFK6S
1275b1534f2838b715ffc3a6f7d4a5cac9345f0d.png,YVJNR22O
128322896a43c21923a25ef6c94ea132f87b2423.png,T0GN379H
12a5315cc99361479e6f967418c7c63cc3a61901.png,CILN6WVX
12d54ee0848a9047177456076125d8d260bde006.png,RVUT2ZY0
13511cfcc828a2cb6caa1a92493369bb523e433a.png,TY234B83
13d6317cc4b3564709df96fb8ae1e0710ec9dd77.png,PNDSRRCY
13f6253288e37c6049fe7454f2d76c53d2b6a9df.png,TFG5GA9V
144a086ac15e6879c5d04153a6a462dbf46d93bf.png,PCMRVL1R
14c3efb68c9cb6cde33c454f1362e3e5e5490221.png,9DB0HNCL
1539b2a53167ab655a626c57a5689d835bd9524f.png,HMZC2BYU
156d8b9284c4939a43b357ebcfeb085451c43e13.png,TJ6NEMLU
15a58bbbe0729c56b3bb12be15c3874c71c596d8.png,KJZWJ855
15af1cf9bc8e18eaa5f9f9ce8096e14f5b8b092f.png,A2M4KJLM
15bb7bb768d61e4fb6dfb779d2fd04b6b0948d45.png,O4U9WJ2L
1602de36bb9cb812570ae7b2c4d08f9b14e451b6.png,MWUDEGT5
162c42c1b1e185bfe6f80f0682f5b06e0480d629.png,LHEGXL7Q
16811ba03894caea9bc65d2c0735b7c3efdaaef7.png,XVOWQE37
16c9bae3657b1e27616b00d6ad1527cf2ea9357f.png,34K22N72
16d65531d2a75081aa2814633f0de14fe1a69d4b.png,FOR41BP8
175ac485c092f98cd682c0e41b7aba6720574ceb.png,WAJ5J5ZW
181d21e553925e2ff6afc9361403866ac3525848.png,TABB15GA
185e25a0d4520c24166c31279c2f25833ba5e721.png,GWFSQXQX
1874f09734b4781a26efd744bfa376047a2afc75.png,GOVE3UP3
18b8598a8b4486a7ba1c862f61ef3ee8960e6cae.png,368WLPD8
18be3f723aae254e266c41c9785ea9837c91f227.png,6536ZWY3
18f5c599844cfeded9f87a789845a257377f0ed7.png,Y9A6X4B6
193a93bba9c1420a654e9c8e3b0692c24b2cf514.png,IMS6HRAP
1a138d24a6c06fb409d575d7e1a893a7f61abbc5.png,KN8DX2UI
1a149c10bef8aa7f031257b1ce3a74bf4cdf07bb.png,MCFJRPEL
1a5d31e32a0a53a39fc2ec4af55747a60f8a292e.png,JC7G08LB
1ad9cde74b18510ba1c1e13a583bfcaa6d365004.png,P1UKBKCN
1b9be63d02868bcfcd19b2a2bd034804aea6c4d9.png,5D3HKGD9
1c83c111600cb71ad27f29ecc2db0d98f0a4b5bb.png,MX8E0CS3
1e3faf8c08d36c1c94e43c141c005390b30816bd.png,2ZJZUBL8
1e43cd405637252e54f30947c2aea5eae710b55b.png,8N92GJUQ
1e4be78af9bc506d0d3f441d48f9b9a8f4a34d35.png,H51H7V0I
1e5b59d8de974f38c115f3e18c8a7c00a173fc8e.png,DNX2NZVD
1e92b5eec5e5963ebf4059ac73e50f79593ff35c.png,QSZI33ED
1f13acc09d0d40172f7fca4751871f99a3ca5791.png,IOBQVMJT
1f1e7cf5f736766b3ac8dee1d3f456ef83fe488f.png,CF7XTIEY
1f2dfc0ec56a7a235b2a6f867155cb5b632aec28.png,LWJKGJM1
1f3b08f78f6116306e8116cadf9cebcdd9605c0a.png,JRT2YCER
1fc5a5dcb2704a6ebb8e22d0d69651f5faa7a20a.png,ZHYJ5A06
2127994672d400b245a89bd165e532be87ae1aaf.png,QPDLVJ0Q
214846a46571cfd1079b5787960b6f6a2fba8ea3.png,1DT8KT55
214a960016f367333ce7137643814a7149ad6cae.png,CZ5PE8OE
2155292e7fd8b40fed191471083af2ab5fdd5bb8.png,VX9OFEWG
216929e2133ef7e69b532eec507c9d977ab4a972.png,4AKMI52F
216f2c3f6d620a52abebf486a7309b10cd40485c.png,F4QVY7GV
24293edd4afa0cd975a7f3eb25a56a2ade02786c.png,YTHRRB5I
2440b7b8100d5adc4073f464d1d91a8e43977aab.png,ZS48ICF4
24c001b91330526f1ac4021d098d886abd5a8969.png,3DIG0G86
24e95664bfac63b484f845bf92b3fd244fae7b24.png,G0KYDKA0
261dae89fa2f40d01769c3c2a3f2896739e3f84d.png,MWFLC5RZ
26edcd3df1c700001580c5b28f05b4c56a9e1466.png,QYQSUFFA
275d8f20e92311d710b45e37a0bc6c5074e16075.png,DWXHPPRP
27d700a3abaff6c636270cb4a861e02d360f2721.png,XRQVXGM8
28086a585a0fb7758e1e18042bd6075d907d48d8.png,OJM02KBK
2820865528ab7883222cad93f90d469a1ad3bb96.png,VB9V0BMB
2856ec4508f6e23313c9da050f4e9019e69dce3f.png,S0GGB3H5
28c47f21faa81f09c35ebd7280960d96da872d9b.png,1Z90DB5W
28e1385a9bfb7c37ce15ff16908ab8bb84d5bb3b.png,ZZ195FOP
29cc2d14ab1606c422fcff2c5223ad20aa91c90d.png,WA83UCW2
2c324fdc1932005e0c880a8d17d8a7804a217be8.png,L8029HOJ
2c5bbf05b7257b44b3fbd366b6dab28f93a337e8.png,LYP22CK1
2d2ea9f24e0d199a526ffcd7b52110283b8130e1.png,J11211YH
2e2d3d41432dd0d1a4ccf455196b81dfc565cf89.png,EQDEEGXB
2e65179fbaa2445c57dcf4116a14df954f7f0353.png,K2WS02RU
2edfc371a44e2dcbca2c3d5bf5d8b95d1bb23b06.png,UII75N3J
305d2692775f2c5c1138e96e68cfa6534bbc58a2.png,15541SB1
3094d18652f28b3ca9cf6a6960b51d399f58918e.png,2BBHHBW8
3161e2ef95edd1484871ea2903568c4f8584f30a.png,3GRLO9QE
31833ab6eecbb24bc0ecdab525a6f3fb36c78f1b.png,YS2BQ10S
31ac44a0865ff17dda7e267829d06398d00796bf.png,G69YM6R9
3205eb581069eb0310cb20099f72cfa23b8f7230.png,4986NHMC
323bc96fd37e9b307a4b1e20f43da6d761ecc489.png,T7CLPXBL
32aecfd4608788d5bf289304ede3744f83e76d5b.png,OBFOS2HP
331c888063f3f9a8027688d62f7de978d7d854ff.png,I3ANDG66
33b4c492ad187a6a5776c405ecedf2186641d52e.png,N9HDEH7I
33bc51ea45b2b42920d82b20bf3c399e98fed9a2.png,WBTWY8KE
3451ccbf21566c0be57e783ffb02ebc84ec53492.png,XMM2MPYS
34b296685ed31e87153dfe877a12f2d4f9f50ba3.png,8RV952R1
34d9a5ebc07b88c5fbf1cbb7f1b773f3857d0153.png,JOMQRG7V
350a19df017b455137db3853271ad854b5680500.png,DXQ6CJ7F
35ea43ca5d01a0670a86cdccbb0b294ca19781d5.png,2PTG17FZ
36086138e23c81437c30ee6d8a03886e6d6c549b.png,54ZWR3EF
360b4e37c403517ada6528b61444018388fb90c7.png,TS1OF2EY
36462e947dc14520c46ccea38b22560c854c734e.png,F36J8EKM
3699ab5b873c49f224b88afb8d2e7747044e69ee.png,SMEKSZXF
38135979b49853ed4129cf612dcb647e1866e6bb.png,KNXEEL95
381f55bc2dd751b83eeb45069757c5be6180076d.png,YXP7B2GY
383ab564d7041997f67af35a042a28b3b7f3c36c.png,3FYF6XHS
3852f765cf522306ae3cd1e26a7d77e85f1bd1f0.png,R9SQDP30
3944da1fafde76f920ec1cc1483f7b41cb9ac636.png,NF7ZCREX
3a5ac971c6914f2291e5a587b9b8d4feb529059e.png,1C5HFELT
3b7fdc0dc0da7a104c857842020ae7f71be2c5ee.png,F6TSZM4C
3c025e24a56ef9f148aa53363396fc2ccf5cead6.png,WG174TZ1
3c2d4958d2cac56209a422ff910588e70f948d9b.png,62FSPQEV
3cc3faa250782b2890cbee82d19f903366be7925.png,6K9XMZOZ
3ccd9abc9dd47ceaa6cd7ccdf156851bbf4eea21.png,F7I4RYBC
3ce031f5a9837097be404713016de7f4d47816df.png,GN0EI30M
3f801b037473645e5b9fac20a3a50f7cd23a3127.png,YV6MAAIZ
3fc3c9f20f33d4ead1cabc3c69542ce8ea85b69e.png,JNCR7AHK
3fc80732b3883edc9f55228a69f4557954dab177.png,L4JBR4RV
401dd38de1bb7539d5beb779dd1ca6b4b5510ced.png,2B32FEJR
4084a89bc7c5ba4ea5e4941e17916b095513d1a1.png,BELYJ1RS
40c407e142e3c08d6432389331e07ff17f795494.png,Z4GM8A2E
40e77bf4a1b61b8550a411ffc4dc91b7f83e898b.png,PMVPLQAW
40f0954987635ccd43b570a78210c7f9a47dad9e.png,410MIV4R
415cab37159d5dbd6dd7a50d75f12573fcf2a627.png,XTA6A477
41872166307a3b7d6364b29100be2e149fce2018.png,DUFIT7L1
4191fcd3ef382d8c1760865960d3cc34fc84f6b1.png,UMJDYPQT
41b589fd8f0713109a97fddd8fb5a145200aecb8.png,T9X2TM88
4213f0fed8bd207087d2470bcf9ce917aa6240c3.png,BEEOQZWL
42186c0af5ef727f34f366c575f33556bf46f74d.png,ZU2FP5J2
422b136df1e15dcf48b0b5b667524daa143d08d5.png,ZO2RS2AX
42d18cb5a4e6d2e1842276c6ca4b98e1ee648e23.png,DDP3SW8Y
42dd5811b7f747b7921a77cad3ad4034d210ec2b.png,LJIC9KJP
443c0477ba7a2e4000fc307fdc4715e615d59a3e.png,18DMMCP8
4449696490a0d5e6831576d1042345e09a51de92.png,5J146BLN
4478fef4fc34af72e0393a2f8343f097739b8b73.png,YQCH2IF5
44824542413540ed9cd560b0aedeefa3ee2edae7.png,G790MVHD
44e36f93b0cd4eab422fc54cd38050f16821c0e2.png,SQBRDV5J
44f0ba681e1a182b1ab7934036fa179fd4498f0b.png,WHOY9J7N
453fc56f3055515d5b8d0e8ce25d1b4e51066e9d.png,3NNH03O2
45684387747200ba8dbe9677935398dd1a965fd9.png,V6LMVM58
45877eb40ed8874ed083a4cf8c859d02e922e3df.png,ZLIS8B3Q
45c11662a0982052f3d36a72c5a965cd61b01ae6.png,WOO7UNPF
45d33b5c2b616719356d07641ab4e450351f8e35.png,II4CKSTJ
46189a9da9a519af51e3823bf527312c0f67589d.png,ZZECRM04
471d2f44fe02031664783924eb118c7fd4e38d9e.png,YG80QZEH
47d546b6a3e01346a0e80d6547a3c8981740312c.png,6BVFCO64
47fe075f7cdef256cbc89199f76f7b87b268f92c.png,CEFWC2PT
480411bf7d24368dbd1db39a99ad54168e13ea35.png,KW429MHR
48f10bf3e7c30fdcdcb99936b4d75f207572e82c.png,QK7Z9MCC
4a0e72d7495739831c1e2dd421ae32c13981e78a.png,BHVFI7WC
4a612412dfa3896e9034b9bad3792a1ea59f7fbb.png,6VKU7NUU
4b1965138d3d71cf2502d7061cde899d26cf0d9b.png,X4YYMXNH
4b455aa237dca33b574002a55c94aed4e87deb3f.png,O5VXURBP
4c5d5d11f61e959f217924ab05e1046a1bfcf928.png,M66SYFH3
4c61c9be30d77ccbfc8104a4fe5f285d107e1e0d.png,KK4H56BC
4cf85ef3090bbba6780f874aab6334494b9055c7.png,RIGDI0CG
4cfa28a01e899f1dd607c518d89cb0fdc2b2a4de.png,AFFRVTDN
4d8b9b68b9c208361f03007ff8ea03589aabf354.png,WIC1WGI4
4dd40a9c8c31581e3f3f4fe78e67528624b1872c.png,VML20KSV
4dd9f3e647d0085accb1c04c9d4d52987d7f61f7.png,9H1HFDLD
4ec35149c6b6520de3f7c9b4e9f6c7d4dc698b7b.png,4WOT193B
4f11fbdef6d23fa992fee0eb7d16dae9d20c296d.png,40DKG0B4
4f7bb27da5ee6f35e20618c7d480942147e6fbdf.png,XKQPUE12
5015976747b2e5751dcb3f42645b068d39d7f713.png,U2AMKPN6
508b5fe46c11524a6e5ac87d1fff9bd3c1e50b93.png,GGODFUQJ
50a1ad83fb6aad1a25ddb98302d38770dd13ce83.png,FJZ8D2Z3
50f1e9e1700abff2581784f2c247a4be0b9bfd86.png,1HEM4ADM
51353fe389dc96ea76cae7dbf7615dc196a5e81b.png,MILTUBJS
519760afdf16601bba21335391c508283344e74d.png,KD7EP6LC
52102d3a8a166f00140cf8e6dbbfdd6f39927bf5.png,TK6EHOYX
52831c2339801f0fe70891f311c38f6cb0192da2.png,RGL3PDZ2
5286aba4a9b53e746d2d34e756c01646647cde1c.png,IZ6D89UR
539a901ff84a8e9a7760b97bc40843247932b684.png,715UUS0M
53a6f222b460d09099c3985217351749d7ce3f9a.png,UY7VHQ52
53b1e0a22df1b6bdd67320c6bee4559470591ba6.png,4TXX30EW
546b955b5b42dec2366c9287906432637bde408c.png,MDLJ6N6E
548530e569cbf22445ad543ef9a04ecca672238d.png,SRUQJAHK
557b3e1a487f9771fa5c03d5ff555c2457f197fb.png,G8Y11U2L
55876c056dd045dff60960d331b87d6a1f9aec42.png,CNFZZ0D1
55fb4d87189a0aeac4c49a3e96e1b77f510ae842.png,WGIHZJY0
5692696451721d06b36640081036f6fefbb8cc45.png,59V6NOSP
56abdacb515fe7269a310a14af17cb5f9746a6f0.png,1S0C1ZNJ
56c11d12ab54ed3f48f42af64aed9b00c23df0b1.png,RXFXLB8X
56c5b89551147ea6bdf5e8ac7afab46425212a96.png,JD911UW7
57072154ae76f2f093745ea7444464d6eb3f9090.png,C9V9VG1C
57ca20104c4d0c4a45b23c46448f984ba4f7f51d.png,SWPYY7MR
586b5b32e07d118d82f8731adab3198b6ab59293.png,ED1CA2V5
58dcfe660071bcd93d2a6ce440dde9a4eef74a77.png,HR06HHJB
58e1b6dc7c91335a343352a28aead6107f82de05.png,AQRRY2EV
590d3351eb3997f89209e66d6d5ddfd16bdd575b.png,SCKESU2R
592f03c5b01399674df9f4d6cad3e461e7b3a58c.png,4RZV7ZPE
598bfe173dc82c13dccc87cb16d7ad2871781b18.png,VFJAS5LA
5a853e7485f3ae67779e271568018f558c8becaa.png,6H4BR63H
5b18c790500ae067d18167997f92d1cd98400f65.png,N2XBLV51
5b664d782fc5f039763696616ee3914c2a3511e6.png,U1PIDSPH
5bb22b7bcc8d9b368550051af5a3ef6f267dd109.png,8VPMI4U1
5c0de034e3173d33fe278e1248074ba5a546039a.png,P0D6VY4G
5c21ace9f5f9634656111b4bfe45e70b1ae83df6.png,SYPOCTM2
5d731a8f2c8a947c8d06bed3244008a7891c1e98.png,FP6B94PR
5d7359ab93a2a17c58e60d4887de44665e9d6572.png,NF8Q8PTV
5e81792c81cc77e34d71f3f28c149cba9b57352d.png,OCTLOLNU
5f468062e8e90d8c6fa5275d6e9762a38049a3f1.png,4OF38ME0
5f688cfdad99f8a714fff50d0f41f46726a09192.png,B63AI7JP
5fc57e8d2e1826633d6f0f92cf5abcf91268089a.png,TDD54HJD
6033fb3c904a3e414670e4b9fbc1305d8382ffa1.png,YD3C8PW2
60fa175beb8e87f0602fe566b4eb8b3ee2fac6eb.png,9AWRNKRH
6142471930566c5776c4d61c8d6a2df46d7feb8f.png,H6GKA9V2
615eb45cc048e8007433a5a73fb2ac69a4056171.png,ITYADUSG
6172cd6e1c27efab76d044447945886aaf034886.png,KXTLY4JP
617acbc0dee692ae3dc62d33c46ed0f573475639.png,8VBHMTHQ
6251a37298c5cd9167279e6d5974ba0f2e0646f6.png,KKXTTTHQ
62c6147c423080968627e6aa5ca009ce2daef5d0.png,7AYGR9UN
6316121874c195275484c5169c28a1937e536e82.png,0K5KRB2V
63802e31b06d4377030d38cd73ec347a800ec15e.png,HEGL1QEK
639a1321d686a4a79edcea493b912ba76ac99f0d.png,0I12M0GX
639b628c5d8c43318f139644badc9dbf6090b063.png,O9MVJ28F
63ac488c8184968e2b3d26e8a943cffac65db896.png,GY2BWXU2
63b55063707c996560d3999f464d5a1df7c544f2.png,CMLSYEU5
63c80df3201f847e2d0e6f360e6fccd9e3fb7ab3.png,5CMHOUPD
63d120f43759d16e660e303f38f31b83dc032460.png,Y8RY3Y67
63e7e2b245c51c284e98e7ce49f6788f957cb2a0.png,USZXPM6J
643f102011d7fe4f363a5ea231e9fe6aa77be43f.png,82LZI15H
6458c8a5162fd1125a75885240a843cc60fb12b6.png,TCPWRIMQ
6479ebd1a4aa8446a0597c7bd42ef2c974889fb1.png,EMPJMVRT
648a455bda8ef10428469a13c781592405522612.png,4YGDVMHK
64b244121f863f8555aa4f23430fce2a4645b200.png,ZCSPWUMZ
64bb31c6a9780ebfa183aa9974965578ad020723.png,CP050H83
64e941918ae2211c17dfbd95005614fe4d8c3b82.png,WCER92C0
6588e594303d644addf66395e322ace6b32ea9a8.png,KDL0XX2Y
65c07ac2975314da1f8ff83fe2c11689f4a21883.png,JQK9LGU8
65d21f4161ee3252fe3d08cbff661aa1eab1cfe9.png,MBWG44SG
6649ec5f6d906a79320c789b82409767d5303b8a.png,VKPKRLWB
6649f2c10366b09541f3e12e379e50e6f628c0a1.png,3JKUKBZD
6691b31e8c67c7053cdb89771fede5f87d0fc4ad.png,2RBI7ROP
66f1ad49938658c107d478b9defdb17dfa2506ed.png,APBVIF0F
67165b406573f0b67e9a9738f4e855cff13dadf1.png,YFJMPK00
672f5b70fd57511430f5e1eabd7dc36ca1ccb4d2.png,7NZ7ZZZ3
6752c5f5663201e957a3f6e266d6831b255b4f56.png,JW0ICYA1
6770064850a737fe13668b1a12a481044e145dad.png,0NJT98M8
67a3a05407d5b10cf852114383c00531aaed00e2.png,4X8N1XCK
682b51cd13f8421463ffceebb84ce5ca22d88606.png,YZGRRPMD
687ab03365db50b1728bc5ed37f3318c0f65e026.png,5SGIJ203
68906abde4fc3fcc1bc6b8178b8a6839f8325816.png,4UJZSWTQ
68b15763459043d780b74673ac4d2c4197729260.png,K2ESW5KZ
68e8e30090b4290b1ced5691696d058a9628a7d4.png,ABEUVQ59
695fea839552f1530cfeac48dd7b02a111bea0ce.png,8C9UD8UN
6967d56339340196e6dbdf2dc9a564c53e0af9da.png,IQHFSKMN
69b5ebd10a1a947fe2b05287d876adfc11700b41.png,5HDXZWII
69dcc26c4d9332b184e8a0f6ef0225524f0d5800.png,JEAO783U
69ddbd985c4273d8b19364966885939c8f6459da.png,4GMMDLP6
6a47e6a5665bee0e8c513e59444bd25ea52b21a4.png,NJRC7GWM
6a5117d266f84e418663b455b96db6a872af6678.png,OENEMSBS
6ab4cb84f6653b95f7cc6a0798960b9f154542d6.png,SOYP2ZXX
6abb63a2bef115e134121807159bac64f11f3935.png,KXBM353A
6af755ae30bc4fdde712ad3beffbd61c5d2aa4a8.png,3ZTPFMQX
6bc1a512b9f99f8b19e618a85b90233abf0a7d85.png,RDGRMMLN
6c8f22ea4fe17cbc6b9785d75be356c7a8917055.png,8G8NTZS2
6cf472c7851342eb594bc4cd34ae76055d3d64b5.png,N7P08R03
6d045c84ef221a0eb16df82e352857728b2cebaa.png,SELTNAK5
6d1354a3091faab052488a62f2a7c6da9e1636ef.png,4MPXWFJG
6d44faef339d616141f4dc6e4545ea37db5050e3.png,5KDEKZII
6d967bc5e7f5b1067c055ed94ea807e92403deac.png,EKPQBF8O
6db0827d68fb1dce66f9f73facefbb5bdc1c8401.png,EJ4UEJ42
6e1d00179171daf91284e71e16d6452737d7cfe3.png,FEYHTO76
6eb16d307ba04e145a9288bb870740db59c6c27f.png,MIV13T87
6f7946f14cb4409e165a2a5020cdf947dc89208e.png,DMT98I73
6fa279605ca48734712fc09fada454cd802f70ac.png,ZV9UGB3W
6fae749628ac0dabb7152b422628e717c3195eca.png,7NXRUUQK
7011203f83312a5db869e0911992eb4cd2fe544a.png,4PXFQN7Y
7097729e8461da91d5653adf4f77c34130a8937f.png,XWWVGE8X
7134dfc3d54dc58c1e97c037f0191fee0e3c32c6.png,S3AX9E23
713a1b49d3be893f9a181b3d77d0a3ac6f1a5414.png,NAT6XW7D
7160ad3469fe8c01484edfdd1191b9150389bac2.png,YNFMBCWX
718b48c67e5df47758a050ffe37bd02425e3eed7.png,BJUWHCZB
71cef7d215e6ce9cbcdfcd0e3fc838f23d48e616.png,JTJZ1T0A
7227ac026406fee7eea0fa762547f4e7bf468bbb.png,ZGD5G99R
735a512d8a6d2563bfe580fd50078fa4ba4def4f.png,0P4LYZR5
739aa30c5226bb6d0c9c64ff17b4d5b0db781890.png,BJ259NQ9
73ef92f7a5ee439168a00c40bd259f0b3e07b4c5.png,FYQ0MXD4
745e0d09fdddd3d6d4831d33de05fb2947b84412.png,0436BVH9
747f480c41dc706c2a9ba6601c0ebca89835a04f.png,XLLVKUJZ
74872a996e64e32e99f0f405ce5af78e122bcdc4.png,8YTTE7TB
74beecb5c2a9da4c43022c8c6fd33827cb72a214.png,4H1865SJ
74dfac353a55b4d7aa2ddb7430854541a1c2e6f4.png,S0AIV8HD
74f6614cdabc4fe1cca38552c430f676d1cfc062.png,XA49TTNG
7505cf846080655115e9128d1c2b7a6fbbb04fc3.png,X4CARN6C
751beccec2ac93c64b6e32d82c244870fd106565.png,MZ4C7YBA
75258eebf8295d35212fb8d0023b17cfbe7850b6.png,JHDZRP4G
755664496a89ebaf9668030227567ff613ab0060.png,PU29LNJE
757bfe2a408ef664a53b501f5bb6ff8917c4affd.png,AIN5WBCX
76874092c2b5747b30f0eade779018a0e83f1e30.png,O9ZDFJBE
7691a61f936488862f136dbae20cb1409dbcc158.png,9MO6AFE7
775260e8f20b181c855e70b904e331345f26ac1c.png,858ZT4ZA
7812f3bffd4163fd293444ff403445a6bb606992.png,OMDDSO4M
7847a9c9b52882af7fe89fdef347576233a0e467.png,N51PCI84
78506532c9a56613c589cea65a5d06ad1d2460e6.png,2E0UZ9IA
791056cb1d3e5d4a86526849b9bccf7e554188ee.png,Y0LN2NP2
79269a493e8e7d615e483cf45e6c929d512f7993.png,KX5F17K0
793e30f4913f13493195b879c1b1a105f31ea61c.png,R1HM4FQY
799764edd2e85063478316e3d00e4e07987e946d.png,PD5BCSC2
799cd8cbcf5aefb6602ebb4059b5f84b1a3f8121.png,2BJ5ZOXB
79abcc3638858c9643c3aa151c87ddf2b09de291.png,1IXABLSI
7a53d243acf63c49219e06e56b30715dd08ad440.png,OVY0SCN5
7c9c9f3556ed9f6e126bd576ee03fe33f9ae4dd6.png,2YLLGAOP
7ca092df860eaf98b2bede11b4ac4e64a2b4a278.png,PPSS5S2F
7cb6aebf3fc07778753d249cdc1b3c6e6d456c7b.png,EDI8WAM9
7d4f734262a00462f7748ae273e6c9eec2cc4254.png,T523PD88
7d51aa2c3b943d0b69532eb837dcdd4f979aee4a.png,5BXJY6N7
7db131f2fc3fcac371cb4b4edfc70f6406a4e2ae.png,958XB80W
7deff42b1ff828a00f4a6245ffdbaa07a4000738.png,WNU80GNJ
7df16669c20632a858bd981fafc9b4d3d5e11e67.png,X1TWRHM5
7e532b92403abd6c1ffc41534b6ace08751859cf.png,KZE1BEKQ
7e6e994c780d563f57cdeded5f54d14024d6d5e4.png,L9XPZ2FA
7ef39545d7a737e0b5bc9748ac14ca236b1fd91d.png,I7YC3M9R
7f29f343fb65bab4fed356d01279b88e532f5a02.png,IDFHH70D
7f3a9bb99970025f34cfad4c8b7f51d183a9bce4.png,4M6EB7BR
7f4c57bd9e8ddf0a645ddbf9af0f5bce1342a58f.png,ORDZJK7N
7f611ea2250c3ce4d97156aad481d17dbb6a4be9.png,CAGKZZLS
7f8113a9478a6dd06976af1dba03d918d2f4b277.png,FGHLWKZU
7fd4872939e3df5a7b7b1e5259a30f75981e5373.png,9Y31JHU1
800606ea3d2c3a2db9583700af9bd03fbbf3784a.png,DIUWUOQX
805db9a877b0f37c0c2ee6530352e530f982b24c.png,UONWOTE2
805e036c10962b490ad82aea99d68eadc513a7cd.png,11Y6777R
80bd1840b04928454622d44ebe2cdac9ba0a9da5.png,355PHR0W
80d23439c5e374e7e598a4db491e92ef228a81fd.png,I0PFUZOX
80d7884ac026a5735f2228c638e4af247f7cef0e.png,FIBBCAZ8
8110962ad4a832e4a265db8d47a9bb2a50a8842e.png,TDV8QQ51
8174d571e49a7d71859f3c10d4e664caccbc3e3f.png,BK9NY3EN
818ba295411bdd8d634030be45f1e1cc785e4f56.png,B9Y97EVA
81955c898084039ee47b8488e3ecb4c9ace5967f.png,N3KMBN60
81c8d955d36dc922a9c5f6fdf0bf71cc1a910a74.png,ER8KYORR
81ffe4df3af3ce65cabd33804d5243af6196c8cb.png,B4KU2OYO
8249161437665fd64d0db44098a875e1f5a4831e.png,X65ZQKGB
82873359b5a8c0b6fa96390d9d9289b5f491f9c3.png,J3Z4ZIMY
82a746196fcb6a81068a120f14f9036aa963b6f0.png,I9EWM1JF
82e149afbe5a1f6ef3aa406861a1fb0b0324a81a.png,RSC0GLQ1
82e1c2317fc8c7470699eb887b58dbb887aa36f6.png,3K67HUQY
83796af785d39cb48b12a1594c04e7e11df32f03.png,7L1J046D
840b57d6d62a4cd3094897963960c66cf8f79f90.png,R7CCGYAH
8415b2b21293a1629900e13b581a03d9eb1e3a4d.png,UKCG7WSB
8435f37fcd036d02d157511cd414b84ee4160c22.png,O3Y7S0EG
847750cfa74c1e9066063dd51c0ad2aa79b97cc7.png,7PQQTNKE
86aef5c2834e3cd4c1914dfed2f6581c480e7333.png,CS6KSPUH
86eade321fc2e98af0d66b3851167de2866b6217.png,EGAACJQ5
8726eaa2ed06ab583b101dff6135c37e7b7a9014.png,A7I72VG2
8741088a6aea2c715f37bde9e22e1615df1a2bb3.png,TTAPXHCJ
882c703f5e5b7c211f2e61df5a840ab7cd1c3bec.png,6H08PPZ7
8868448398ed00de830d8637b8d820643ae650fc.png,3VPWY0H8
8888be65e091840e8e71f7bd731d2d4c7eb09aa2.png,N81GUOBP
8890801c484d2502bbebf2f34b6fceda4227061c.png,T0PMH0H7
88a0a5c23c91c6701e23ce4ef874afa652b19ce9.png,YYGRBUGU
88a35cca81d8f0c855abc5f6fae70c56b5a4c837.png,ZC16WFKG
891a7bd6cc01d586c09e0a455292eaab49c243e5.png,9RG2L8HZ
89d0dd68e8efe0ec25f1d1b12fb9ad240046f7ee.png,ECPU0REF
8a1307394326a49224f23091297825cdb9ba1044.png,7ZVO9XB2
8aaa499d4aa9fcf35cf7ffff4e3bf9974fd77a1c.png,OI4AM654
8aafd33f3b3bb9c0b310fe5531332e321571bfc4.png,64JUP6QJ
8ae38c3488df49821e3b47472a9ec61a513df746.png,JEAKYYKB
8b799670f7670161bebfae1d26c2534296ba2b6a.png,LEP8TWVX
8bb7d4cdaad702d397f16e55bb934c9b705bdb6a.png,WOFYVHEK
8be10ae14c338dbf250ff122f633edb2b6216da1.png,2O4NFSSF
8be5bf6be72d67cc47ec4e9e72b3f1e5aeded9bb.png,O1WDX35G
8c597541d60910132e74ca061c8f911170b9577f.png,I17A2XE3
8c5b453e4699e6e8dc1a93c2247617619eae70bd.png,IUPO6MQQ
8c67e665929d52f02208dffb8c2746ab8160cba1.png,XJQIWANW
8c68aaee73ce7ef7e5be0aa5c489712be5386274.png,0RXHV181
8d647339dd91d28a222d6cf28ea0fcc28be33395.png,ZFCROJBU
8e035852593ff0e6941fc49925a4b11b82431c0d.png,2SVXAFHN
8e387bb6ac020a1d3e1c427eb647b588c62de0b6.png,ZLNJ1LDS
8e3cb92f98b70291bc58edb6da0cacc78745945e.png,ZX3NZKCF
8eb2a0ef35753d224cefefb4329034f9cd1c7304.png,H4MFBCH0
8f517c18d2f51b8ef7b17597ebcdc108e3d84489.png,NT4EVVMD
8f750517c7cce47a212522e37b54b8ae7e142380.png,YYKHMX1A
8fbe62ce49de8370062db004dedd2751f20a0e54.png,4AD22HPF
8fccc56c0140d2d39c2bdcb2e0631aa78a135f81.png,RSB0MOYZ
901de1a13f7be5dcfbfea1cd94432926226c1715.png,CZUB4LM8
90296cd2890773a4c2678273b8fe4b82abcd698c.png,O4IUPGS6
90f748e611ea4a9fb2a4c0d3af69ec879e7e6a6b.png,TN1DEH2B
9105405327c3349fc68c8939cd78020ad625979e.png,U5QI7EP8
9146a2adb57b1e3916b089d73c0d624461d1dd40.png,YDUCS684
91d82320825e273bf1f473bd7bcbf55a47baa9e1.png,TEJM9HOG
91fec18e0fc9f4696e9a03b4842137ad0f059342.png,SDEBMU3M
922e7d4fc4ac35b9f20f4c32537e3503a6439d99.png,5UGKBYOW
925a3a84e2784519885260504c4aaf1f3d087c5d.png,THPA9A7H
92b7228045f8c855d924eb2ec33187757ab3418c.png,6PXVB4HQ
934ff1ebaf992424ee0366b8bc61fdafc15a4ca9.png,G239ESH2
93b141f47525f35985fa2e529471fd17d5d95307.png,2MXOVJ4A
93fd7964532779180782213e6dbf0c451a95ef50.png,MN6TFYAO
9418bd3e8df383eabf23d611e2393d6596d51025.png,JETV8O27
9421dbe78de546b49ad2dc1d19bf93af13aa14f0.png,LLMCEVHL
9465bb97d029bb74f65b929d1e287a7c6b9e1a54.png,83T5XC2Z
95d16b47f485de294fa6b97915cbc809ca2dde11.png,3OR1KVSX
96297682a676ed333bad9df68a2ba08aaf7aad57.png,YO9DDG18
966710c2fdae1e77c121581a36b4640431a6cf60.png,75D1PN04
96c7b1ad35c6cf0edb0ae7141b6d651a20bb725c.png,TZR4PR8N
9765b30803f2a9d13e4a883e1e4f6e52d9022709.png,KQ97O7T9
9774197719474b4faf5d6ee89dbbe7654f468c9a.png,7QQWLL40
97d180a7d52a647bf6c0b05124ac7f15cac0cb30.png,OEC49EDY
98333581889930b3f11010db05618fed3a1cfad0.png,C8KFVHV3
9846e053e96937e385a6a9ed7c7a3eb2241b76da.png,OTES390Y
984959ab0a54716202ac810a2a75553329855146.png,LV5XLJ4Z
9859da85fd033e1330a1534f8e3360ee0d380c08.png,U2YMTUSV
989ce84d6266448dd6092ca41c6961178bcb3767.png,SOSDFMKM
99a4c5e4b0671d4b08154b8785d3c5cb6393250d.png,WB0NZ4UC
9a43accf36f19c354452a929e0e9d035c20367e8.png,WVMTJAVI
9a4b4fd1674b3fb56f4b1ebec350258d3c128e7c.png,IX7EX2Y1
9a4d566d91c2bafcb1f6213687e8e583bef71c1d.png,TABFBELG
9a6f1f04ea7900d14434011a08fd5ae1fb6ec91c.png,D4EVNE41
9b02d8c5cf39b920a04e9411719942e661f21f21.png,AHE82QZQ
9b94234f2a48e3ce5fd83414df17ae9b24d65061.png,VOEZ0IMZ
9beab4dc164590bb45422037ecf211e9cf37e656.png,I9GLMGUH
9c1ec9a8efef39254322f7b088232c6660d7f732.png,QKT6Z1GM
9d355001504e2e7de44408d6c310d57b2080a162.png,X513A10G
9d3becbb052fa3abb491886c1f731ab3268d18ef.png,9GVCZVPZ
9d44b503a268828ad4b0733d39db1bb36109a3b9.png,WU3SN8D5
9e8d8b9126c2764837fc910bbdae808775ff1598.png,GD7XZGWN
9f601338d1e71e0e95b04cc2b667e135ddb2fa38.png,S7WFWJ11
9fa5acd9f9f5597a2fe3e13572bbb2f78668ca8d.png,21HNN4F7
a02245636f7b745c9af2ffa47499ce910d3af11a.png,VH2FAONW
a03e204c57e5a31c8a11262a96b9a6ff939f2e22.png,OD5HGN52
a047104e94f37ef9a1cd9c84bdbf6b652237afe0.png,CABW7JND
a07cc15f99b6dc131cf0989698be98304f47e723.png,UNL1DSXI
a0adb8e8a6891ece2f5c7af4e51612c8d76ee8c9.png,XCWG0FVH
a15d4bdd297bd2d80d682c39d2ee0a915b895a7d.png,MEX0AWVO
a1bbf6f8b52585533a9b96bfbbbd189f7431edf4.png,YLZTCS6B
a22462ce985464ebfa1e9cd2758f306202c28abd.png,BRATVU9O
a23a2ae77481517d5d295708bcd97a9c711e4057.png,28OC8ZLK
a2629a0bc7688a9f259afa37352ec326ea1fa17c.png,22P4WYT5
a29be2b815215bcc2309c655de67d494fcd229b4.png,TOTAYYG0
a3b3acd8fedc26177aa8d6c03cbed1421b6be381.png,FWV4IRFS
a3b586c81d32ad805a14037aa8caf8061f656eec.png,QWEZCY1F
a417ffa21e965c02e023488b33eb31538f438cd8.png,GC0M9OBI
a483e334e1d5ba143e7a0f325c30c4de825bd16d.png,YAL958MX
a4875e55406e0658376f9a3c224280ee1a27e1ac.png,ZRVDRSNG
a4c71edadbfe1f6c769fd17867dd7aaf6fa2a115.png,KW70I2E9
a51f8c235bd6d65cb877abbe229276e27d5e4b5a.png,FDJEAYTT
a5f56e4670462a0eb8872af6d04d2084432c04b9.png,YCR510ZI
a687a434a8324d736c2ebb8d3dd38298abef3d9d.png,1WK0IADF
a6c2037a66adeb9cfe59ae50de04882cc87461ad.png,6F981ZDW
a6e59066701371e6b4cf3c8e6c29444cfb71079e.png,LGOK8JCS
a700a02f42f69a1caf22bb8a3d600af62bd8d4b0.png,NZYDF7MG
a77b5a94020de2a2efde9998148922d95583d5e3.png,IWQBIIDY
a77c82615eca6958e9cf527bc12a514c36de7067.png,QWONIO18
a791f21a7684d910d6921606d18c5aaa0f515af8.png,RBEZFGXN
a7fc121c7cad9c5fbf8398a8bf5a9b472590443b.png,3NC5YW6J
a807323963d772c649ed9c78de749ccf05eb2f14.png,ML0KDP0W
a80cf1fd09a321d7a637217207a02a7fba206be6.png,TC0Q32IG
a8c40fb78e9a9a6a103d26471e40b06a91ea8121.png,4A7TNW6H
a907d44c1d86216fd35e7ad7833e20dfa2893be1.png,QPOW03IE
a9b1817771f7e54c799bf6c8f6c05d035b0fbcf5.png,AV1CTUE1
a9de2bdd8f9f10c0acbb25d49d823ecaac9490eb.png,YEQXDUDO
aa36ad18e39a3cb3314bb22684546bdec9d4f56c.png,CB9TT7XZ
aa41d3521e1f411ae7adc43064ec46f9886a4959.png,LDTAHX2D
aa4a821ae254881215c58206934ae7464883462d.png,5PA57SL3
aaf2f4e93d816b0573f03beeeafa7abf76c8c127.png,C0NIWPB2
ab283c9d8712c6795959d1bab9b3a1cfdae9a581.png,32DLK779
ab38c8108dc9ae4d84bb49542894d9fc11729ed2.png,Q80V7PUI
abdde183d819d45648d9b6c465bff235a00920c3.png,SYIHMT13
abe7195b3101820d97778475092720c1ff80e362.png,OREF2OJ8
ac7751e48f98397bbb60db62c50133051e972842.png,QJR0MFLZ
ac82718d485a54a48a73e13342736dbb8c7de7fd.png,P79NWXTY
ac927fb87edcad2baf2185922f494ac92cdb7c5f.png,CD84J84W
ad239a4aea8aac491ecc6afeae074cb542b762bd.png,RMJPQGCK
add489c9a3014ec145090b95651aa94c29dc065e.png,SOHGVMBH
ade59e87ff9edf734cd1abcc393a8ab819fc7380.png,LBZBK9KV
ae0efe5925d350b927aa9b41a2fe7328893f0439.png,IBMGMHO3
aef9e9f3ff25d4ca1a2002c5ab982130a347af6c.png,XASOG53C
afbfc9ae4dd481b2662a94b829d440b03432c46b.png,ASE35JPM
aff747dc9c6217c91a43e9fd77bebea440b5be9a.png,8SWONE4U
b057b62e9c1142f9f908b09d8686999b5482568a.png,4O3BLQRJ
b1820f81522d1f8923e506d1318308851500ca12.png,O9X1KF7P
b192256b9cba34c1ca07c5eadd84ebe6218f3fba.png,FOVD7BXC
b1b7cfad5355e47ff30758a9d28e87319dda1ef3.png,ZJV7MOFU
b1d948022e5b5e313eebe0ed37787970d2af8194.png,HCKEI971
b27061cefac9dcee4c4efc635a2911079aea9965.png,9FJI84GJ
b29d1b8071ff3f428fc2b543ff03fccf366a2bb4.png,KGR40TSX
b32442dad800b81c382ff8a3b3b1349f2dbcb25f.png,1LRSR2ZU
b402755297001cae648d079a27f2a6314fbca125.png,ELCGRUNP
b42263d4c7826c0a550458d59cc43aa627b39ae3.png,T8LWC6YJ
b436ef496496b6d4b0ec4a7b21616f8e01754ccd.png,UY628O5M
b44b386c07a4aeeda4663c84745bcb6850665eb0.png,IWNIBI0N
b5698bfb74262fb1d447dff7662db180c8a8628d.png,6USGQULI
b572f6140b98448e70a722635310eab1123c8d5d.png,R3DSUC9B
b5c6ffa68daa3ac1e679bfa2e25c11fa6f24d16f.png,T1LB5FVP
b5facd008fb50546ed9437f193fe6fc59e2ffb8e.png,WE8ME2J0
b6550297a38cff8eddadb64dd2ccaffa7742f5f8.png,KLE9C1WM
b6fac5e388154c9665c22cb69a9b3249ffabb220.png,DVO47RFB
b75aa91fe79945b6aa5e1095f30ec646acb25d64.png,N49I6KQA
b7a545a47a8d49647fa5f7f440a332e0004fbf07.png,RHVHZPP8
b7d87bfb565735c00fa005c970968f8ddb59cad0.png,JXPAHY2Y
b90c71fbb79479325c4539e4a556b1084041fd61.png,9GPUAUNX
b951da177e53d097c0a615bc48c6f98d7dde90b5.png,2W4I7S0Z
b9f6725a2e425903728d5d1d19c33c02886ec5ce.png,TJBYCUGT
ba1aecc719e3437d45df734bb23a998e8c9c9081.png,0721BMYO
ba219bec44dd4f50ff273b9f1eae315e1117c193.png,L3QTOW0X
ba2250b2f6edee6ed98b501d341c3ddf7229ec4a.png,SR2AYTEU
ba4d52c0a165a929849cee408ff0f1668396185d.png,JYKKG0GJ
ba501caccbad049a4b5d32348805f827440169ce.png,C8SY3GGX
ba81ba81c1479cf38c4d782ba5a84aeeb5958fa0.png,2WTONBNT
babe5f3301020c9049a0f757f02083c97c0a232e.png,MP7PDOT7
bb393f3b66c98e99befa7b2192a42d5f9a08e499.png,QPOH4MD1
bb9bb3c3f79ea2574703d1e4628dad46d69e6fe6.png,JBKSIDDH
bbebd9e86fb4d260a775d557dc44e32513e7ee2a.png,GW6F7UC0
bc466e41cb8d77a8409601882cca66341251ee7e.png,FT6YAJVM
bced304a054526992e8eae75b616b06c2997859c.png,TFFOXVNI
bd1e221105ca6aa95621cea8c2eebab6ed875caf.png,U9Q9SYW4
bd3db2f245c028380dfbed12c233d71ba090c796.png,3POXWHMS
bd558b4030c0a536aac7b05b3ef21fc6115008fc.png,G4AM6CV3
bdd0f0e34c1911e6db9efe515a3503aa9a879a8b.png,9SJ5KWIL
bdd8469dc26cfbaa207b618258f8cf6a4de562b4.png,UHQ785XP
bdd8da41d78fcdf521376c9a87d13f8460e7e86d.png,JLEYP5I5
be17473613eb2365e8cb09c396f19f7909817eb0.png,XZZLA2K0
be29b9fa75df2a6edb70a484d12d5ca715e47061.png,3DX3RV2W
be2ed30e6d33235d91287f585cd63b411a570dc7.png,NFYUXJUC
be357804a05b610551fd63a48bee25c26474545b.png,E6TJTNHH
be5c62368d51214115227a10df3621d276ca65d9.png,SJXY4VCH
bed652d296bdb96ed57a5418c245fc1c291a5a05.png,M94ID6ZW
bf7b79c63b63093a89f6fcc92edbf24caec819b2.png,44BEJJCQ
c0cedcd3bafc703bfa2360561ccadfa13580d900.png,UHFFLBUG
c17f9039ce03bf936e8e6fcf91e83d75a02f5963.png,05VHEXTR
c1f147779a372fecd20f873e6eef486e9fd679a0.png,QJJ4T9DT
c296b027a6b86d428087179d53eafa0e6b3186df.png,YCMK0S7U
c2de50a777a69605ef4c36b80f86826f212a550d.png,G96Y7NO5
c303e2f3d385329d11b64a313b052071bbd37477.png,QV56MC24
c359ec867d61c525014ea4ae6e4e87ac20b40eb7.png,G4DLVM30
c3c4848e8f269621b8b828689e0272c5d810983d.png,8E78UFCH
c3d5731bdce8b78118eee7b1f3d3f0afef640846.png,F31ZNKYB
c4bee721467ff5b2af051d250e94e075b2dbc3f7.png,VNF02EKZ
c4d293fae32c8cac2c3a8e21a558ff1df97d7146.png,GBOJQVC9
c52a9b94cff06e66026e40405d0d96c2e0f0d9b9.png,66BUQZYL
c568691184a96513756f8e0ee9680c0dca60a3bf.png,3276PFLP
c56bcbac8cdaa5ff32ce513f6cff3deb84b521bc.png,BWWP0SHE
c58028f2e7a4c278f797e1fa8edde03f9b7909e5.png,EJJZNL5L
c586accfae6a9a4020491dd41e452ee5ae6bf953.png,15OZMG06
c63786639d87c624989838d8fa6fc4610fe77781.png,JBW3H0YR
c6466dc1a0eca57e98aa0db857dc8fbbb6b94e37.png,56W2GVQC
c659346e4a676bb9f9264c13606cfbac16d7466f.png,H5OLL6V4
c6890fee264f0f7f5d06fe3ff1d51483f4b747d4.png,TMS8UB3C
c6ceae0286159fadc70f9cebdc9bb3a73cddd3a8.png,G4577WOP
c7d10d4eadc5d1ff5f9790bf2c7077fb6fb33e8b.png,18RBX7YW
c7f8287ae7f326045a02c464ae2677c773ea1f66.png,T7OROWIH
c84eb99d69f9275ed6abc4df14e69c7cdcbd0980.png,5EZQRS33
c86d215dca47312f7c7415e3cf1eb54faa524bd5.png,1OWI447I
c8809d76973ec0c57a163dc19367ab410189a642.png,CR1RQEKU
c8a53936f26dce8e4fd587bb7a911207c7985dd8.png,VC6VHEBC
c9b58405b288e46b6a60819987b4d173710a47b1.png,R5ENLAVS
c9f4cbfd9c63f97cb2cad4ec8778001f0f62c346.png,N8YO4ZCB
ca1fbaa020e5b618c9c082c683ee4559b48ae4a4.png,VGJAT35T
cb0dd64602b29db04daea9345a5f1e7cbf185893.png,T3FCWBO6
cb6c94ef5472fca9222afd937b767b76aa2bf5d4.png,T768JMHZ
cb8cc7ee8948baed90a21584a66306d9fb6c7011.png,53DI9KH8
cc43f5693cfae2719031a8db3ed8c5e9dc613d46.png,9J0FEYZN
ccb77962e40cf5bcc1238df30c31c844529c6712.png,DUO0TRO7
ccf76ab9e88147b4f022878f49f6c23621f05ae8.png,F8UIUF27
cd112d6365db2ede6ab7db963e4ad09bdb077af4.png,1895F8G8
cd9b4fa81eb974ddd98fa5da6f4abe14c9f58455.png,C1C41UOY
cdd8df54c0697fe402a3898de7f4b82560b0fdea.png,NK0IJCM8
ce0b5837fcb300ae9801275700035a2045237225.png,GWXP2ZJQ
ce3f58ad896aa71aaefe2041d10dee03173cdab2.png,V6XTGZWV
ce54b4e5e95dc94917f407c4facff5f6b7aecd46.png,1HLJ0AUH
ce786b5bb73aa584d4aa97676051e534570af3b2.png,T4S7V4ZD
ce7c783fbd5968f2076109fe5c018f00e894b533.png,WVX31D4F
cea2dfb189b430aa58ba00a7703ff809c32b3072.png,CBD0IYHM
cedb48cddff18f0f24f7292b8388e94bfebd935b.png,WGNDIFF5
cf5fbabad7beccf36c71528e70a3e08b34b57c39.png,UDKG8SE9
cf8c33eaeee1a2ce4c842add27cdbabd5d940c81.png,59A1X2WX
d01b96d9803d3522230fb66c2d8cc0ada12e6edf.png,5I0ZUB1Z
d0ae32066d87803f6291f00d15ae53515a8d69d4.png,PCW0O2MF
d1bb26a1cb33f601cfe7694f53850f3e9a204943.png,MVL6WRMG
d1c51d3872fce2e7ec918002e12384eca87d09c8.png,2OW1NUZG
d1d23d0ac838622337ae101453f209f632886af7.png,CY1HBDTP
d204aacc53bf75c14f3d209fad3d9636e5dcb1c1.png,D4KNYPI0
d206428b8eb4c2553ac92d393277d4442f7e4942.png,7GSG3Y7F
d21261ec518bc28d3efa9e0143b1d16122be38ab.png,TUCOKLT4
d310851d4d4f50dbc5fef1b3e27b73efd5a774d7.png,DJYZ5B68
d3342eff7b84b8f76d62d979fbc72cbf630cbdbe.png,PHQNNOA7
d38364a26743da3e0fb720be1d7b8b87e211bf71.png,6RQTT5Z7
d40a3d4afbc2edb02ab52c78373aad3c85dcf98f.png,W2C9FWWY
d43e335434f5b17cd65a9ed890acbf4becf8f4c9.png,92UV6Q6A
d468cbeea9a5d914f86d69daf32498a7f94b13cb.png,GH3PLQRL
d48ed4ac0f7e6964a7e52b1e5bb26c5ae07b8156.png,4TUYBPI7
d4a7cae70a76ba040b155b950a03e85f72d42952.png,AYIODEIH
d4f7d37604b438adbd52c5dd37bcee5743a7514e.png,ZOPE5IQT
d5098838d048322f910067e9a9cee94a3f22fb0f.png,KZUSUNHO
d528bb30461c14e0818cf0b14fac188ce92f2dfe.png,ONDUKCUZ
d5b1c62eb90ab8d5b3f7ce80987d521122ae8f47.png,9ZIPERG3
d61f72829989b42ee7e585f1033d29356bc9a13a.png,VUQW08H2
d62724c5a21ff2be37e97aee12df2ebfb4c2488c.png,DTNY8V7S
d65c7d4cccd42d6c824aac5329b798a38e5c8ec7.png,LV9156Z4
d67d8769fe3180559b822022d65e173e3a89972a.png,B0FMRBJS
d6ed5d8a48cd8e9b5c1efe1b6881f291ba3a0d97.png,6AV894KR
d81dba46e21cd1aba175d3e2e4d459ae33a7807c.png,WKJU6RU0
d8205275face920fd60eaeab804becfe53b5853c.png,P2ME1V4L
d8525f3d5a481f15ffc47696f4ea31d74a029365.png,GHD0NU97
d8d1f177a7043b55ae65c632b5854eae14be32fa.png,Y0CFZRK5
d8e569e4553cd8372528d1314c4bf9342961bf37.png,C0GRY3UJ
d9979ec0cc622a206918e4499b58695a039bab34.png,84WXJQTL
d9b665cd709bf146f98e3b6fef77896b3cc889c1.png,NH9WXHLQ
da188fdbb954934ee0f55617abc17eb36dfdf17c.png,0VVNHHWK
da5a3d0d85a49d7dc36eada0d49a2736b98dcb0b.png,F5TA6FUA
da86c90f46ec497a7452f73352fd883778254147.png,G13EBO5H
dac15a74650d183c775789c42af9e9760373fad0.png,JV6S81A1
db1757ce4534b85d25968ad168d0105af245c54c.png,JW01RRTM
db924ad0e9f74e98c85d2fcc990a40422de66aa0.png,ZCJD32E7
dc062afd125eb61ccbc341c9ce510a6d583584c9.png,8SDH99LX
dd02ba5410767dd8146cd4b13114ffe79021d489.png,UGFN1AAT
dd97a75b2a0fcf18a525b1a21a25167e3950fba4.png,1PPO5CMC
de164e2a41fa64b39b958818efbfd5d405ea24b7.png,2C1ZYVCQ
de4b919b5b41ae030941ad89637eef481adedb1b.png,ZKRDJ5NY
ded787798971bc2d91bf72fa356aaa04706663a9.png,D6J01DEB
df28d73a3e0197c355b20dcbbd378f154b25be0e.png,5ZNUQPZW
df8f6969506a93984eef8d3e0978c284139b5479.png,EMLM0JHW
dfa2382f52e2270b8408991a8127f718b9ed5219.png,34PPLNA1
dfb1921128347724153dfa6564d29e1b471eb1f7.png,VZS92ZXR
e0427799efc3dc10848cec456ef919e56b7ea931.png,DGUWH9XL
e072691ba73ad8872fdafedc0adbb99316ab53f5.png,YCX32C5T
e0c2444a4d43a2dc0ffa39f28658fdcff791d3e2.png,H3OH3EZW
e0d85d64be45e5d92972edddceca81a048c8f5e3.png,8C5C6PE6
e1063a6a7faba814db59497be445b9af26467533.png,60ILTQGW
e14888974871624668ba9289799ceabc84406840.png,DX388N1U
e2020fbbf11e7cd06333001e158ef07d90479b08.png,OOQY63DJ
e20fef46fbea5f2c11ac80dc53367e7b97292d11.png,TUD3B0O3
e2e84174a2a7dfea8b99622e61bbe9feeefe9fec.png,S72OBBTL
e2fbd47afe77d0e4cde846f44126ff920f7989cc.png,PJUXI28J
e376b83c011b874f4f99400318e68c0ea9921cfc.png,Q97BQFMU
e389fcecc96bf6b2e702cfc07d7954ba369b1d88.png,RIBSOEYL
e3b75c1383700a2399131dc1d38544a990d6ab42.png,UTOPVH4X
e3f53fb5eb74de782f130c949fdfedfebcc7fb81.png,XST0CJL6
e4b6b0c264afb2fe11ca9ec5a089e8ce666731f3.png,RZ888KG7
e4c5d4fff8eb0beb7381827dd455182c4f8d250d.png,5HC05SXN
e4fde1487f4f357316a1c7e4e4efdba5b5112173.png,CLJJ6E8H
e5278572d3a4b34fe4025cb2eae7be822bc5a80f.png,E980AAXP
e55ce1842274e616fd1c4594db73d2c6aba81c51.png,YI6D577F
e5e60334c19296ee12b0000ca4efd0ff4c386104.png,M41XY4XB
e608c1a5c8852ab93d1cfdcac2aad501da28d11c.png,HC6TW034
e74aba79898ca192c5c1088bc8dfb5c93795dd67.png,AD0EEZGE
e90ce5877f0dfb39d74ad88a1528100f92affb28.png,KZHBDZYL
e9203526e95e37832c96af1a5f154e9f6ca39e14.png,S97JA292
e94e3f350d1da382361ba7bd605017974c3a7c45.png,EX7S7FGW
e96cef25e15320250bd9a52424b0fcfc9ccf4c85.png,D17P3LAK
e96dfe491b6967a8597cdfd0ccc8ade167b58edb.png,X3WQXJ8B
e970af8ab1e9335002d30455b7ed23fcbf7ad475.png,1M4YF4FG
e9fb097dcf7be068e315c2e7b4893c8177293d85.png,TAZFNPVB
ea14413c1c5e0463bf275a38216010889579c28c.png,1N8CA6XK
ea719c2072880b230d459b17aa5ff38a65d74945.png,5HZ8U01J
ead4de378e8dbde3bc8fda04166ff33b121b0a71.png,QTAAPLWO
eb2eae527bfd0c02ea35e0391ab90918b37440f9.png,7VKT4S1D
ec53ae64defa86b3b29ae445c94d04a233ccd96d.png,Z34XU1VB
ecd534a7eabb430e4357ba7e9d66cbbdea69f530.png,KTUELRVT
ecf067de7914e32fd9f35232dac3ad84cef62d3b.png,C3TMOP8V
ed829d91a29986521dce3e06fa365fdf890c0813.png,N3DI69Y2
ee180dcf18e468162396b6915454c4c8c0636dac.png,1LNJNZFF
ee4894aa987f8b653285fefe16d072102a6b9dc7.png,SYHO6WNQ
ef4b6ee9da730603b199221ec9ad0e2839767940.png,1FI6NIVU
ef64e1c560fcc35d3ef2219b9840204babd21339.png,8JBRN1VP
f03a13e63148cc6a88ed14e9fe7b1380bade3450.png,Y1LZA7TF
f08dca9f53689534619194cddd79b1e4561e6f9c.png,IPNY289L
f0b3f1e8df2eefbdbefc6c9d315a43c3fe9ae282.png,EMXZ7PS9
f0d86bb255d3142e39d2f813ad3617f4254f3df7.png,TXJRABI0
f0f215b4d70abf8fb919a33f19858679c1a038ac.png,EY4YKF1R
f0f9964febb7c7f3de6f935e3ac893c162b38307.png,OE0T55QK
f1223725b6cf46a16c0e0bb871b97ab828487f2a.png,ZV1KMPK6
f15e5b5bb47bd09ccbba4692479e615b7ad2d43a.png,8HJ9K4ZG
f16192d202cf3e67fd7b3e264cb31df966d01112.png,1ZMMZDBR
f198a6c9524f5acece90cebe47ad11d83f7f210a.png,DJ4KNFGQ
f1dd40fcb15e4518ec1955badf13da444894779f.png,ADSFJ8CJ
f28799f7faa7df7d112bc9d28896b79d354a93f0.png,XSRE5K9E
f3d9a3864582d22a88f72c609a4ca407b57272fd.png,T0IX7SI3
f43c1250184bdbc481d36f26cf62f42be2545705.png,TSQYSQGS
f44030eb354909e284fda1bfc0c937b13f52903e.png,05V3IAIG
f4916370a252dbcce12b713febcd939eb34eae2e.png,PUBRMB94
f498a6e815e29cbf0c9e8db8987afcee6fed0931.png,AGKMEVEX
f4be55c8c4aa2cd901786f9e6acfafb01a414afb.png,WFCZB2WT
f514527ff6e198b6a183a5c7511e27f9fae8263b.png,5BYF63OB
f534203951e9b65e4d22f8d3d5d3436c08d5427e.png,1NUIMSMG
f540c66e7897747dc02393920108536783e9e5b4.png,2SNINF15
f590c660d07a2c2972d9fa47e8ec223c2e9d0858.png,57DJMXRI
f6648c93c9af81d46599932cc3e8bb6cab83a062.png,H48WORV8
f6ee754df95e73631acf645b27aabc972666ecdf.png,372LE3GA
f7326055f93967c67b50b0a4c4335ca4382bc2fa.png,6MJYGLDL
f748cd1c8a171cf9494f84e17f425a2d2e80e410.png,RNREOD6R
f7ab81192f5de55b3469bb115b2d824762d419dd.png,VNRXQIN2
f7ad27edd82a7d0942ab05611d0d451beb388be9.png,BS73UOPZ
f7cb10c6aab293ec607bdec55783a6f4ff0d2214.png,R12F78O1
f8ad545f97d303b57db689932801a00ee199e9b0.png,FF73ONUV
f8bdcb2a184b2c013344264ce382cd8eec2d98c4.png,D5GPO4RO
f8d0186a73a6a0361791f4b0880e15d6243b5d11.png,BQVU3DRS
f9253a50c9a911873073aa565294850eba3f7ce3.png,JH06414I
f93f352bd839e4bd52e80a30da6281413c97ff14.png,W53EPEBK
f973823f85cb08556e710355e725073bb5dbd5b9.png,FE6GZBAJ
fa1777a640177b363c6372d04d01679531a682a3.png,EMJCSDH8
fa379ce12a8db3bd79128ed67104f7e3c2bc0027.png,PM83FH1R
fa7beff6100d0bf0b08088885c13e1fb8599ab48.png,AB68OM7K
fa8ed64282f7b3fab3e595ad26fd6a9837a218ba.png,61EJ4XGL
fae849e2d5c3f39bd7aca2546d2add0faf46a7dc.png,TA7A6NXX
fb63c1d9194a2e0c2137131202d702bebbbb3844.png,ES4X7Q82
fb67a8dbaa9374643a200f33db012daa1101a147.png,BECFXEIY
fb79bb4f03364831d73ee2635b2829d970216bc8.png,CG5NGUQT
fb9fd83ae1397f50b8ee2c42972c940ef7bca871.png,ZLPMZOTJ
fbddf54877552e6c4a6693c83c67d75e451abcec.png,3JMG3O5S
fc42ac5bf9cc2ed2b6c06ac85dcfa8e634e204b0.png,KHJW5V5M
fd0e82c21f029d18866a40b97e86a4f1368be172.png,2A02YSGT
fd92f8d2e8900f8f6168131d8e565a4632f8f696.png,TND6CO5K
fdcd85c9e4de8ccc25a9cdc17a1a8cbd58376c03.png,T8R2P51S
fe7484d58872d0e7044cee984223c3862fd782e5.png,JCFSZ3HF
fedca7bb326cd9d61c685af9436fe9d9ace3f980.png,9G660B4I
ff07db50d7fd60d05b9a0296d855dfdeb6015000.png,I0APQONQ
ff48f7094496bb75e2c43f92846d6985e7e80cf3.png,46LNBY2U
ffbd3dd6a5b3b2f92abd690ec746d0e87428ba95.png,PI8LSHOP

